,company name,industry33,stock market,stock number
0,昭和ＫＤＥ,電気機器,東証2部,1701
1,日清紡ホールディングス,電気機器,東証プライム,3105
2,Ａｂａｌａｎｃｅ,電気機器,東証スタンダード,3856
3,イビデン,電気機器,東証プライム,4062
4,コニカミノルタ,電気機器,東証プライム,4902
5,シリウスビジョン,電気機器,東証スタンダード,6276
6,ブラザー工業,電気機器,東証プライム,6448
7,ミネベアミツミ,電気機器,東証プライム,6479
8,日立製作所,電気機器,東証プライム,6501
9,東芝,電気機器,東証プライム,6502
10,三菱電機,電気機器,東証プライム,6503
11,富士電機,電気機器,東証プライム,6504
12,東洋電機製造,電気機器,東証スタンダード,6505
13,安川電機,電気機器,東証プライム,6506
14,シンフォニア　テクノロジー,電気機器,東証プライム,6507
15,明電舎,電気機器,東証プライム,6508
16,オリジン,電気機器,東証スタンダード,6513
17,山洋電気,電気機器,東証プライム,6516
18,デンヨー,電気機器,東証プライム,6517
19,三相電機,電気機器,東証スタンダード,6518
20,エネサーブ,電気機器,東証1部,6519
21,オキサイド,電気機器,東証グロース,6521
22,アスタリスク,電気機器,東証グロース,6522
23,ＰＨＣホールディングス,電気機器,東証プライム,6523
24,湖北工業,電気機器,東証スタンダード,6524
25,ソシオネクスト,電気機器,東証プライム,6526
26,日本電産サーボ,電気機器,東証2部,6585
27,東芝テック,電気機器,東証プライム,6588
28,芝浦メカトロニクス,電気機器,東証プライム,6590
29,西芝電機,電気機器,東証2部,6591
30,マブチモーター,電気機器,東証プライム,6592
31,ローヤル電機,電気機器,東証JASDAQ（スタンダード）,6593
32,日本電産,電気機器,東証プライム,6594
33,ＨＰＣシステムズ,電気機器,東証グロース,6597
34,エブレン,電気機器,東証スタンダード,6599
35,バルミューダ,電気機器,東証グロース,6612
36,ＱＤレーザ,電気機器,東証グロース,6613
37,シキノハイテック,電気機器,東証スタンダード,6614
38,ユー・エム・シー・エレクトロニクス,電気機器,東証プライム,6615
39,トレックス・セミコンダクター,電気機器,東証プライム,6616
40,東光高岳,電気機器,東証プライム,6617
41,大泉製作所,電気機器,東証グロース,6618
42,ダブル・スコープ,電気機器,東証プライム,6619
43,高岳製作所,電気機器,東証1部,6621
44,ダイヘン,電気機器,東証プライム,6622
45,愛知電機,電気機器,名証プレミア,6623
46,田淵電機,電気機器,東証1部,6624
47,ＳＥＭＩＴＥＣ,電気機器,東証スタンダード,6626
48,テラプローブ,電気機器,東証スタンダード,6627
49,オンキヨーホームエンターテイメント,電気機器,東証JASDAQ（スタンダード）,6628
50,テクノホライゾン,電気機器,東証スタンダード,6629
51,ヤーマン,電気機器,東証プライム,6630
52,ＪＶＣケンウッド,電気機器,東証プライム,6632
53,Ｃ＆Ｇシステムズ,電気機器,東証スタンダード,6633
54,ネクスグループ,電気機器,東証スタンダード,6634
55,大日光・エンジニアリング,電気機器,東証スタンダード,6635
56,ソルガム・ジャパン・ホールディングス,電気機器,東証JASDAQ（スタンダード）,6636
57,寺崎電気産業,電気機器,東証スタンダード,6637
58,ミマキエンジニアリング,電気機器,東証プライム,6638
59,コンテック,電気機器,東証スタンダード,6639
60,Ｉ−ＰＥＸ,電気機器,東証プライム,6640
61,日新電機,電気機器,東証プライム,6641
62,戸上電機製作所,電気機器,東証スタンダード,6643
63,大崎電気工業,電気機器,東証プライム,6644
64,オムロン,電気機器,東証プライム,6645
65,エナジーサポート,電気機器,大証,6646
66,森尾電機,電気機器,東証スタンダード,6647
67,かわでん,電気機器,東証スタンダード,6648
68,春日電機,電気機器,東証2部,6650
69,日東工業,電気機器,東証プライム,6651
70,ＩＤＥＣ,電気機器,東証プライム,6652
71,正興電機製作所,電気機器,東証プライム,6653
72,不二電機工業,電気機器,東証スタンダード,6654
73,東洋電機,電気機器,名証メイン,6655
74,インスペック,電気機器,東証スタンダード,6656
75,ニッポ電機,電気機器,ジ証,6657
76,シライ電子工業,電気機器,東証スタンダード,6658
77,メディアリンクス,電気機器,東証スタンダード,6659
78,インネクスト,電気機器,札証アンビシャス,6660
79,オプテックス・エフエー,電気機器,東証JASDAQ（スタンダード）,6661
80,ユビテック,電気機器,東証スタンダード,6662
81,太洋工業,電気機器,東証スタンダード,6663
82,オプトエレクトロニクス,電気機器,東証スタンダード,6664
83,エルピーダメモリ,電気機器,東証1部,6665
84,リバーエレテック,電気機器,東証スタンダード,6666
85,シコー,電気機器,東証マザーズ,6667
86,アドテック　プラズマ　テクノロジー,電気機器,東証スタンダード,6668
87,シーシーエス,電気機器,東証JASDAQ（スタンダード）,6669
88,ＭＣＪ,電気機器,東証スタンダード,6670
89,アーム電子,電気機器,ジ証,6671
90,レイテックス,電気機器,東証マザーズ,6672
91,ジーエス・ユアサ　コーポレーション,電気機器,東証プライム,6674
92,サクサホールディングス,電気機器,東証プライム,6675
93,メルコホールディングス,電気機器,東証プライム,6676
94,エスケーエレクトロニクス,電気機器,東証スタンダード,6677
95,テクノメディカ,電気機器,東証プライム,6678
96,サイレックス・テクノロジー,電気機器,ジ証,6679
97,アルカテル・ルーセント,電気機器,東証マザーズ,6687
98,ズーム,電気機器,東証スタンダード,6694
99,トラース・オン・プロダクト,電気機器,東証グロース,6696
100,テックポイント・インク,電気機器,東証グロース,6697
101,ヴィスコ・テクノロジーズ,電気機器,東証スタンダード,6698
102,ダイヤモンドエレクトリックホールディングス,電気機器,東証プライム,6699
103,ＮＥＣ,電気機器,東証プライム,6701
104,富士通,電気機器,東証プライム,6702
105,沖電気工業,電気機器,東証プライム,6703
106,岩崎通信機,電気機器,東証プライム,6704
107,電気興業,電気機器,東証プライム,6706
108,サンケン電気,電気機器,東証プライム,6707
109,エプソントヨコム,電気機器,東証1部,6708
110,明星電気,電気機器,東証2部,6709
111,ナカヨ,電気機器,東証スタンダード,6715
112,テクニカル電子,電気機器,東証JASDAQ（スタンダード）,6716
113,富士通アクセス,電気機器,東証1部,6717
114,アイホン,電気機器,東証プライム,6718
115,富士通コンポーネント,電気機器,東証2部,6719
116,ウインテスト,電気機器,東証スタンダード,6721
117,エイアンドティー,電気機器,東証JASDAQ（スタンダード）,6722
118,ルネサスエレクトロニクス,電気機器,東証プライム,6723
119,セイコーエプソン,電気機器,東証プライム,6724
120,オー・エイチ・ティー,電気機器,東証マザーズ,6726
121,ワコム,電気機器,東証プライム,6727
122,アルバック,電気機器,東証プライム,6728
123,オンキヨー,電気機器,ジ証,6729
124,アクセル,電気機器,東証スタンダード,6730
125,ピクセラ,電気機器,東証スタンダード,6731
126,ニューテック,電気機器,東証スタンダード,6734
127,ディーアンドエムホールディングス,電気機器,東証1部,6735
128,サン電子,電気機器,東証スタンダード,6736
129,ＥＩＺＯ,電気機器,東証プライム,6737
130,東研,電気機器,ジ証,6738
131,ジャパンディスプレイ,電気機器,東証プライム,6740
132,日本信号,電気機器,東証プライム,6741
133,京三製作所,電気機器,東証プライム,6742
134,大同信号,電気機器,東証スタンダード,6743
135,能美防災,電気機器,東証プライム,6744
136,ホーチキ,電気機器,東証プライム,6745
137,ＫＩホールディングス,電気機器,東証2部,6747
138,星和電機,電気機器,東証スタンダード,6748
139,マスプロ電工,電気機器,東証1部,6749
140,エレコム,電気機器,東証プライム,6750
141,日本無線,電気機器,東証1部,6751
142,パナソニック　ホールディングス,電気機器,東証プライム,6752
143,シャープ,電気機器,東証プライム,6753
144,アンリツ,電気機器,東証プライム,6754
145,富士通ゼネラル,電気機器,東証プライム,6755
146,日立国際電気,電気機器,東証1部,6756
147,ＯＳＧコーポレーション,電気機器,東証スタンダード,6757
148,ソニーグループ,電気機器,東証プライム,6758
149,ＮＥＣ　トーキン,電気機器,東証1部,6759
150,カシオマイクロニクス,電気機器,ジ証,6760
151,ＴＤＫ,電気機器,東証プライム,6762
152,帝国通信工業,電気機器,東証プライム,6763
153,三洋電機,電気機器,東証1部,6764
154,ケンウッド,電気機器,東証1部,6765
155,宮越商事,電気機器,東証1部,6766
156,ミツミ電機,電気機器,東証1部,6767
157,タムラ製作所,電気機器,東証プライム,6768
158,ザインエレクトロニクス,電気機器,東証スタンダード,6769
159,アルプスアルパイン,電気機器,東証プライム,6770
160,池上通信機,電気機器,東証スタンダード,6771
161,東京コスモス電機,電気機器,東証スタンダード,6772
162,パイオニア,電気機器,東証1部,6773
163,ＴＢグループ,電気機器,東証スタンダード,6775
164,ｓａｎｔｅｃ,電気機器,東証スタンダード,6777
165,アルチザネットワークス,電気機器,東証スタンダード,6778
166,日本電波工業,電気機器,東証プライム,6779
167,プラネックスホールディング,電気機器,東証JASDAQ（スタンダード）,6784
168,鈴木,電気機器,東証プライム,6785
169,メイコー,電気機器,東証プライム,6787
170,日本トリム,電気機器,東証プライム,6788
171,ローランド　ディー．ジー．,電気機器,東証プライム,6789
172,野田スクリーン,電気機器,東証2部,6790
173,日本ビクター,電気機器,東証1部,6792
174,山水電気,電気機器,東証1部,6793
175,フォスター電機,電気機器,東証プライム,6794
176,クラリオン,電気機器,東証1部,6796
177,名古屋電機工業,電気機器,名証メイン,6797
178,ＳＭＫ,電気機器,東証プライム,6798
179,ヨコオ,電気機器,東証プライム,6800
180,東光,電気機器,東証1部,6801
181,ティアック,電気機器,東証スタンダード,6803
182,ホシデン,電気機器,東証プライム,6804
183,ヒロセ電機,電気機器,東証プライム,6806
184,日本航空電子工業,電気機器,東証プライム,6807
185,ＴＯＡ,電気機器,東証プライム,6809
186,マクセル,電気機器,東証プライム,6810
187,ジャルコ,電気機器,ジ証,6812
188,古野電気,電気機器,東証プライム,6814
189,ユニデンホールディングス,電気機器,東証プライム,6815
190,アルパイン,電気機器,東証1部,6816
191,スミダコーポレーション,電気機器,東証プライム,6817
192,島田理化工業,電気機器,東証2部,6818
193,アイコム,電気機器,東証プライム,6820
194,バーテックス　スタンダード,電気機器,ジ証,6821
195,大井電気,電気機器,東証スタンダード,6822
196,リオン,電気機器,東証プライム,6823
197,新コスモス電機,電気機器,東証スタンダード,6824
198,パトライト,電気機器,東証1部,6825
199,本多通信工業,電気機器,東証プライム,6826
200,東北パイオニア,電気機器,東証2部,6827
201,ソーテック,電気機器,へ証,6829
202,アオイ電子,電気機器,東証スタンダード,6832
203,日本電産リード,電気機器,東証2部,6833
204,精工技研,電気機器,東証スタンダード,6834
205,アライドテレシスホールディングス,電気機器,東証スタンダード,6835
206,ぷらっとホーム,電気機器,東証スタンダード,6836
207,京写,電気機器,東証スタンダード,6837
208,多摩川ホールディングス,電気機器,東証スタンダード,6838
209,船井電機,電気機器,東証1部,6839
210,ＡＫＩＢＡホールディングス,電気機器,東証スタンダード,6840
211,横河電機,電気機器,東証プライム,6841
212,ユニパルス,電気機器,東証2部,6842
213,新電元工業,電気機器,東証プライム,6844
214,アズビル,電気機器,東証プライム,6845
215,中央製作所,電気機器,名証メイン,6846
216,東亜ディーケーケー,電気機器,東証スタンダード,6848
217,日本光電,電気機器,東証プライム,6849
218,チノー,電気機器,東証プライム,6850
219,テクノ・セブン,電気機器,東証JASDAQ（スタンダード）,6852
220,共和電業,電気機器,東証プライム,6853
221,日本電子材料,電気機器,東証スタンダード,6855
222,堀場製作所,電気機器,東証プライム,6856
223,アドバンテスト,電気機器,東証プライム,6857
224,小野測器,電気機器,東証スタンダード,6858
225,エスペック,電気機器,東証プライム,6859
226,パナソニック　デバイスＳＵＮＸ,電気機器,東証1部,6860
227,キーエンス,電気機器,東証プライム,6861
228,ミナトホールディングス,電気機器,東証スタンダード,6862
229,ニレコ,電気機器,東証スタンダード,6863
230,エヌエフホールディングス,電気機器,東証スタンダード,6864
231,ＨＩＯＫＩ,電気機器,東証プライム,6866
232,リーダー電子,電気機器,東証スタンダード,6867
233,東京カソード研究所,電気機器,ジ証,6868
234,シスメックス,電気機器,東証プライム,6869
235,日本フェンオール,電気機器,東証スタンダード,6870
236,日本マイクロニクス,電気機器,東証プライム,6871
237,協立電機,電気機器,東証スタンダード,6874
238,メガチップス,電気機器,東証プライム,6875
239,光波,電気機器,ジ証,6876
240,ＯＢＡＲＡ　ＧＲＯＵＰ,電気機器,東証スタンダード,6877
241,長野日本無線,電気機器,東証2部,6878
242,キョウデン,電気機器,東証スタンダード,6881
243,三社電機製作所,電気機器,東証スタンダード,6882
244,日本電産コパル電子,電気機器,東証1部,6883
245,ミヤチテクノス,電気機器,東証1部,6885
246,グラフィック　プロダクツ,電気機器,ジ証,6886
247,オーデリック,電気機器,東証JASDAQ（スタンダード）,6889
248,フェローテックホールディングス,電気機器,東証スタンダード,6890
249,イーター電機工業,電気機器,東証JASDAQ（スタンダード）,6891
250,タイテック,電気機器,ジ証,6893
251,パルステック工業,電気機器,東証スタンダード,6894
252,ダイヤモンド電機,電気機器,東証2部,6895
253,北川工業,電気機器,名証2部,6896
254,ツインバード,電気機器,東証スタンダード,6897
255,トミタ電機,電気機器,東証スタンダード,6898
256,ＡＳＴＩ,電気機器,東証スタンダード,6899
257,東京電波,電気機器,東証1部,6900
258,澤藤電機,電気機器,東証スタンダード,6901
259,原田工業,電気機器,東証プライム,6904
260,コーセル,電気機器,東証プライム,6905
261,ジオマテック,電気機器,東証スタンダード,6907
262,イリソ電子工業,電気機器,東証プライム,6908
263,日立メディコ,電気機器,東証1部,6910
264,新日本無線,電気機器,東証1部,6911
265,菊水ホールディングス,電気機器,東証スタンダード,6912
266,オプテックスグループ,電気機器,東証プライム,6914
267,千代田インテグレ,電気機器,東証スタンダード,6915
268,アイ・オー・データ機器,電気機器,東証スタンダード,6916
269,デンセイ・ラムダ,電気機器,東証1部,6917
270,アバールデータ,電気機器,東証スタンダード,6918
271,ケル,電気機器,東証スタンダード,6919
272,レーザーテック,電気機器,東証プライム,6920
273,東光電気,電気機器,東証1部,6921
274,昭和情報機器,電気機器,ジ証,6922
275,スタンレー電気,電気機器,東証プライム,6923
276,岩崎電気,電気機器,東証プライム,6924
277,ウシオ電機,電気機器,東証プライム,6925
278,岡谷電機産業,電気機器,東証スタンダード,6926
279,ヘリオス　テクノ　ホールディング,電気機器,東証スタンダード,6927
280,エノモト,電気機器,東証プライム,6928
281,日本セラミック,電気機器,東証プライム,6929
282,日本アンテナ,電気機器,東証スタンダード,6930
283,遠藤照明,電気機器,東証プライム,6932
284,新神戸電機,電気機器,東証1部,6934
285,日本デジタル研究所,電気機器,東証1部,6935
286,古河電池,電気機器,東証プライム,6937
287,双信電機,電気機器,東証スタンダード,6938
288,ユー・エム・シー・ジャパン,電気機器,ジ証,6939
289,山一電機,電気機器,東証プライム,6941
290,ＮＫＫスイッチズ,電気機器,東証スタンダード,6943
291,富士通フロンテック,電気機器,東証2部,6945
292,日本アビオニクス,電気機器,東証スタンダード,6946
293,図研,電気機器,東証プライム,6947
294,住友電装,電気機器,名証2部,6948
295,ワイ・イー・データ,電気機器,東証2部,6950
296,日本電子,電気機器,東証プライム,6951
297,カシオ計算機,電気機器,東証プライム,6952
298,ファナック,電気機器,東証プライム,6954
299,ＦＤＫ,電気機器,東証スタンダード,6955
300,芝浦電子,電気機器,東証スタンダード,6957
301,日本ＣＭＫ,電気機器,東証プライム,6958
302,フクダ電子,電気機器,東証スタンダード,6960
303,エンプラス,電気機器,東証プライム,6961
304,大真空,電気機器,東証プライム,6962
305,ローム,電気機器,東証プライム,6963
306,サンコー,電気機器,東証スタンダード,6964
307,浜松ホトニクス,電気機器,東証プライム,6965
308,三井ハイテック,電気機器,東証プライム,6966
309,新光電気工業,電気機器,東証プライム,6967
310,松尾電機,電気機器,東証スタンダード,6969
311,京セラ,電気機器,東証プライム,6971
312,エルナー,電気機器,東証2部,6972
313,日本インター,電気機器,東証2部,6974
314,太陽誘電,電気機器,東証プライム,6976
315,日本抵抗器製作所,電気機器,東証スタンダード,6977
316,村田製作所,電気機器,東証プライム,6981
317,ユーシン,電気機器,東証1部,6985
318,双葉電子工業,電気機器,東証プライム,6986
319,北陸電気工業,電気機器,東証プライム,6989
320,パナソニック電工,電気機器,東証1部,6991
321,国産電機,電気機器,東証2部,6992
322,指月電機製作所,電気機器,東証スタンダード,6994
323,ニチコン,電気機器,東証プライム,6996
324,日本ケミコン,電気機器,東証プライム,6997
325,日本タングステン,電気機器,東証スタンダード,6998
326,ＫＯＡ,電気機器,東証プライム,6999
327,市光工業,電気機器,東証プライム,7244
328,小糸製作所,電気機器,東証プライム,7276
329,ミツバ,電気機器,東証プライム,7280
330,アロカ,電気機器,東証1部,7704
331,ＳＣＲＥＥＮホールディングス,電気機器,東証プライム,7735
332,キヤノン電子,電気機器,東証プライム,7739
333,キヤノン,電気機器,東証プライム,7751
334,リコー,電気機器,東証プライム,7752
335,日本電産サンキョー,電気機器,東証1部,7757
336,象印マホービン,電気機器,東証プライム,7965
337,ＭＵＴＯＨホールディングス,電気機器,東証スタンダード,7999
338,東京エレクトロン,電気機器,東証プライム,8035
339,トッキ,電気機器,ジ証,9813
340,イノテック,電気機器,東証プライム,9880
341,トヨタ紡織,輸送用機器,東証プライム,3116
342,芦森工業,輸送用機器,東証プライム,3526
343,鬼怒川ゴム工業,輸送用機器,東証1部,5196
344,アイメタルテクノロジー,輸送用機器,東証2部,5605
345,ユニプレス,輸送用機器,東証プライム,5949
346,ジャパンエンジンコーポレーション,輸送用機器,東証スタンダード,6016
347,阪神内燃機工業,輸送用機器,東証スタンダード,6018
348,ダイハツディーゼル,輸送用機器,東証スタンダード,6023
349,ボッシュ,輸送用機器,東証1部,6041
350,ニッキ,輸送用機器,東証スタンダード,6042
351,豊田自動織機,輸送用機器,東証プライム,6201
352,モリタホールディングス,輸送用機器,東証プライム,6455
353,ＮＩＴＴＡＮ,輸送用機器,東証スタンダード,6493
354,三櫻工業,輸送用機器,東証プライム,6584
355,デンソー,輸送用機器,東証プライム,6902
356,リード,輸送用機器,東証スタンダード,6982
357,東海理化電機製作所,輸送用機器,東証プライム,6995
358,佐世保重工業,輸送用機器,東証1部,7007
359,川崎重工業,輸送用機器,東証プライム,7012
360,名村造船所,輸送用機器,東証スタンダード,7014
361,内海造船,輸送用機器,東証スタンダード,7018
362,サノヤス・ヒシノ明昌,輸送用機器,大証,7020
363,日本車輌製造,輸送用機器,東証プライム,7102
364,三菱ロジスネクスト,輸送用機器,東証スタンダード,7105
365,近畿車輛,輸送用機器,東証スタンダード,7122
366,日産自動車,輸送用機器,東証プライム,7201
367,いすゞ自動車,輸送用機器,東証プライム,7202
368,トヨタ自動車,輸送用機器,東証プライム,7203
369,日野自動車,輸送用機器,東証プライム,7205
370,カネミツ,輸送用機器,東証スタンダード,7208
371,日産ディーゼル工業,輸送用機器,東証1部,7210
372,三菱自動車工業,輸送用機器,東証プライム,7211
373,エフテック,輸送用機器,東証プライム,7212
374,レシップホールディングス,輸送用機器,東証プライム,7213
375,ＧＭＢ,輸送用機器,東証スタンダード,7214
376,ファルテック,輸送用機器,東証スタンダード,7215
377,テイン,輸送用機器,東証スタンダード,7217
378,田中精密工業,輸送用機器,東証スタンダード,7218
379,エッチ・ケー・エス,輸送用機器,東証スタンダード,7219
380,武蔵精密工業,輸送用機器,東証プライム,7220
381,トヨタ車体,輸送用機器,東証1部,7221
382,日産車体,輸送用機器,東証プライム,7222
383,関東自動車工業,輸送用機器,東証1部,7223
384,新明和工業,輸送用機器,東証プライム,7224
385,極東開発工業,輸送用機器,東証プライム,7226
386,アスカ,輸送用機器,名証メイン,7227
387,デイトナ,輸送用機器,東証スタンダード,7228
388,ユタカ技研,輸送用機器,東証スタンダード,7229
389,日信工業,輸送用機器,東証1部,7230
390,トピー工業,輸送用機器,東証プライム,7231
391,自動車部品工業,輸送用機器,東証2部,7233
392,東京ラヂエーター製造,輸送用機器,東証スタンダード,7235
393,ティラド,輸送用機器,東証プライム,7236
394,曙ブレーキ工業,輸送用機器,東証プライム,7238
395,タチエス,輸送用機器,東証プライム,7239
396,ＮＯＫ,輸送用機器,東証プライム,7240
397,フタバ産業,輸送用機器,東証プライム,7241
398,ＫＹＢ,輸送用機器,東証プライム,7242
399,シロキ工業,輸送用機器,東証1部,7243
400,大同メタル工業,輸送用機器,東証プライム,7245
401,プレス工業,輸送用機器,東証プライム,7246
402,ミクニ,輸送用機器,東証プライム,7247
403,カルソニックカンセイ,輸送用機器,東証1部,7248
404,尾張精機,輸送用機器,名証2部,7249
405,太平洋工業,輸送用機器,東証プライム,7250
406,ケーヒン,輸送用機器,東証1部,7251
407,ユニバンス,輸送用機器,東証スタンダード,7254
408,桜井製作所,輸送用機器,東証スタンダード,7255
409,河西工業,輸送用機器,東証プライム,7256
410,アイシン,輸送用機器,東証プライム,7259
411,富士機工,輸送用機器,東証1部,7260
412,マツダ,輸送用機器,東証プライム,7261
413,ダイハツ工業,輸送用機器,東証1部,7262
414,愛知機械工業,輸送用機器,東証1部,7263
415,ムロコーポレーション,輸送用機器,東証スタンダード,7264
416,エイケン工業,輸送用機器,東証スタンダード,7265
417,今仙電機製作所,輸送用機器,東証プライム,7266
418,ホンダ,輸送用機器,東証プライム,7267
419,タツミ,輸送用機器,東証スタンダード,7268
420,スズキ,輸送用機器,東証プライム,7269
421,ＳＵＢＡＲＵ,輸送用機器,東証プライム,7270
422,安永,輸送用機器,東証プライム,7271
423,ヤマハ発動機,輸送用機器,東証プライム,7272
424,イクヨ,輸送用機器,東証スタンダード,7273
425,ショーワ,輸送用機器,東証1部,7274
426,ＴＢＫ,輸送用機器,東証プライム,7277
427,エクセディ,輸送用機器,東証プライム,7278
428,ハイレックスコーポレーション,輸送用機器,東証スタンダード,7279
429,豊田合成,輸送用機器,東証プライム,7282
430,愛三工業,輸送用機器,東証プライム,7283
431,盟和産業,輸送用機器,東証スタンダード,7284
432,日本精機,輸送用機器,東証スタンダード,7287
433,日本プラスト,輸送用機器,東証スタンダード,7291
434,村上開明堂,輸送用機器,東証スタンダード,7292
435,ヨロズ,輸送用機器,東証プライム,7294
436,エフ・シー・シー,輸送用機器,東証プライム,7296
437,カーメイト,輸送用機器,東証スタンダード,7297
438,八千代工業,輸送用機器,東証スタンダード,7298
439,フジオーゼックス,輸送用機器,東証スタンダード,7299
440,宮田工業,輸送用機器,東証2部,7301
441,シマノ,輸送用機器,東証プライム,7309
442,カワムラサイクル,輸送用機器,東証マザーズ,7311
443,タカタ,輸送用機器,東証1部,7312
444,テイ・エス　テック,輸送用機器,東証プライム,7313
445,小田原機器,輸送用機器,東証スタンダード,7314
446,ＩＪＴＴ,輸送用機器,東証スタンダード,7315
447,松屋アールアンドディ,輸送用機器,東証グロース,7317
448,セレンディップ・ホールディングス,輸送用機器,東証グロース,7318
449,ナンシン,輸送用機器,東証スタンダード,7399
450,昭和飛行機工業,輸送用機器,東証2部,7404
451,ジャムコ,輸送用機器,東証プライム,7408
452,ウェッズ,輸送用機器,東証スタンダード,7551
453,フォルクスワーゲン・アクチエンゲゼルシャフト,輸送用機器,東証マザーズ,7659
454,ザ・ボーイング・カンパニー,輸送用機器,東証マザーズ,7661
455,日本電産トーソク,輸送用機器,東証1部,7728
456,テルモ,精密機器,東証プライム,4543
457,クリエートメディック,精密機器,東証スタンダード,5187
458,日機装,精密機器,東証プライム,6376
459,日本エム・ディ・エム,精密機器,東証プライム,7600
460,島津製作所,精密機器,東証プライム,7701
461,ＪＭＳ,精密機器,東証プライム,7702
462,川澄化学工業,精密機器,東証2部,7703
463,ジーエルサイエンス,精密機器,東証スタンダード,7705
464,セントラルユニ,精密機器,ジ証,7706
465,プレシジョン・システム・サイエンス,精密機器,東証グロース,7707
466,石山Ｇａｔｅｗａｙ　Ｈｏｌｄｉｎｇｓ,精密機器,東証JASDAQ（グロース）,7708
467,クボテック,精密機器,東証スタンダード,7709
468,助川電気工業,精密機器,東証スタンダード,7711
469,シグマ光機,精密機器,東証スタンダード,7713
470,モリテックス,精密機器,東証1部,7714
471,長野計器,精密機器,東証プライム,7715
472,ナカニシ,精密機器,東証スタンダード,7716
473,ブイ・テクノロジー,精密機器,東証プライム,7717
474,東京衡機,精密機器,東証スタンダード,7719
475,ソキア・トプコン,精密機器,東証1部,7720
476,東京計器,精密機器,東証プライム,7721
477,国際計測器,精密機器,東証スタンダード,7722
478,愛知時計電機,精密機器,東証プライム,7723
479,金門製作所,精密機器,東証1部,7724
480,インターアクション,精密機器,東証プライム,7725
481,オーバル,精密機器,東証プライム,7727
482,東京精密,精密機器,東証プライム,7729
483,マニー,精密機器,東証プライム,7730
484,ニコン,精密機器,東証プライム,7731
485,トプコン,精密機器,東証プライム,7732
486,オリンパス,精密機器,東証プライム,7733
487,理研計器,精密機器,東証プライム,7734
488,ユニオンホールディングス,精密機器,東証2部,7736
489,タムロン,精密機器,東証プライム,7740
490,ＨＯＹＡ,精密機器,東証プライム,7741
491,シード,精密機器,東証プライム,7743
492,ノーリツ鋼機,精密機器,東証プライム,7744
493,Ａ＆Ｄホロンホールディングス,精密機器,東証プライム,7745
494,岡本硝子,精密機器,東証スタンダード,7746
495,朝日インテック,精密機器,東証プライム,7747
496,ホロン,精密機器,東証JASDAQ（スタンダード）,7748
497,メディキット,精密機器,東証スタンダード,7749
498,ペンタックス,精密機器,東証1部,7750
499,日本電産コパル,精密機器,東証1部,7756
500,ＩＭＶ,精密機器,東証スタンダード,7760
501,シチズン時計,精密機器,東証プライム,7762
502,リコーエレメックス,精密機器,東証2部,7765
503,ジェコー,精密機器,東証2部,7768
504,リズム,精密機器,東証プライム,7769
505,日本精密,精密機器,東証スタンダード,7771
506,ナノテックス,精密機器,札証アンビシャス,7772
507,エルモ社,精密機器,ジ証,7773
508,ジャパン・ティッシュエンジニアリング,精密機器,東証グロース,7774
509,大研医器,精密機器,東証プライム,7775
510,セルシード,精密機器,東証グロース,7776
511,スリー・ディー・マトリックス,精密機器,東証グロース,7777
512,ＣＹＢＥＲＤＹＮＥ,精密機器,東証グロース,7779
513,メニコン,精密機器,東証プライム,7780
514,平山ホールディングス,精密機器,東証スタンダード,7781
515,シンシア,精密機器,東証スタンダード,7782
516,松風,精密機器,東証プライム,7979
517,セイコーグループ,精密機器,東証プライム,8050
518,ニプロ,精密機器,東証プライム,8086
519,ブロッコリー,その他製品,東証スタンダード,2706
520,浅香工業,その他製品,東証スタンダード,5962
521,ドリームベッド,その他製品,東証スタンダード,7791
522,コラントッテ,その他製品,東証グロース,7792
523,イメージ・マジック,その他製品,東証グロース,7793
524,イーディーピー,その他製品,東証グロース,7794
525,ＫＹＯＲＩＴＳＵ,その他製品,東証スタンダード,7795
526,アミファ,その他製品,東証スタンダード,7800
527,ブシロード,その他製品,東証グロース,7803
528,ビーアンドピー,その他製品,東証スタンダード,7804
529,プリントネット,その他製品,東証スタンダード,7805
530,ＭＴＧ,その他製品,東証グロース,7806
531,幸和製作所,その他製品,東証スタンダード,7807
532,シー・エス・ランバー,その他製品,東証スタンダード,7808
533,壽屋,その他製品,東証スタンダード,7809
534,クロスフォー,その他製品,東証スタンダード,7810
535,中本パックス,その他製品,東証プライム,7811
536,クレステック,その他製品,東証スタンダード,7812
537,プラッツ,その他製品,東証グロース,7813
538,日本創発グループ,その他製品,東証スタンダード,7814
539,東京ボード工業,その他製品,東証スタンダード,7815
540,スノーピーク,その他製品,東証プライム,7816
541,パラマウントベッドホールディングス,その他製品,東証プライム,7817
542,トランザクション,その他製品,東証プライム,7818
543,粧美堂,その他製品,東証プライム,7819
544,ニホンフラッシュ,その他製品,東証プライム,7820
545,前田工繊,その他製品,東証プライム,7821
546,永大産業,その他製品,東証スタンダード,7822
547,アートネイチャー,その他製品,東証プライム,7823
548,オプトロム,その他製品,名証セントレックス,7824
549,ダンロップスポーツ,その他製品,東証1部,7825
550,フルヤ金属,その他製品,東証スタンダード,7826
551,オービス,その他製品,東証スタンダード,7827
552,ユージン,その他製品,ジ証,7828
553,サマンサタバサジャパンリミテッド,その他製品,東証グロース,7829
554,パブリック,その他製品,ジ証,7830
555,ウイルコホールディングス,その他製品,東証スタンダード,7831
556,バンダイナムコホールディングス,その他製品,東証プライム,7832
557,アイフィスジャパン,その他製品,東証スタンダード,7833
558,マジェスティ　ゴルフ,その他製品,東証JASDAQ（スタンダード）,7834
559,ウィズ,その他製品,東証JASDAQ（スタンダード）,7835
560,アビックス,その他製品,東証スタンダード,7836
561,アールシーコア,その他製品,東証スタンダード,7837
562,共立印刷,その他製品,東証スタンダード,7838
563,ＳＨＯＥＩ,その他製品,東証プライム,7839
564,フランスベッドホールディングス,その他製品,東証プライム,7840
565,遠藤製作所,その他製品,東証スタンダード,7841
566,セガトイズ,その他製品,ジ証,7842
567,ハイビック,その他製品,ジ証,7845
568,パイロットコーポレーション,その他製品,東証プライム,7846
569,グラファイトデザイン,その他製品,東証スタンダード,7847
570,総合商研,その他製品,東証スタンダード,7850
571,カワセコンピュータサプライ,その他製品,東証スタンダード,7851
572,フード・プラネット,その他製品,東証2部,7853
573,カーディナル,その他製品,東証JASDAQ（グロース）,7855
574,萩原工業,その他製品,東証プライム,7856
575,セキ,その他製品,東証スタンダード,7857
576,アルメディオ,その他製品,東証スタンダード,7859
577,東京リスマチック,その他製品,東証JASDAQ（スタンダード）,7861
578,トッパン・フォームズ,その他製品,東証1部,7862
579,平賀,その他製品,東証スタンダード,7863
580,フジシールインターナショナル,その他製品,東証プライム,7864
581,ピープル,その他製品,東証スタンダード,7865
582,アトラス,その他製品,ジ証,7866
583,タカラトミー,その他製品,東証プライム,7867
584,広済堂ホールディングス,その他製品,東証プライム,7868
585,日本フォームサービス,その他製品,東証JASDAQ（スタンダード）,7869
586,福島印刷,その他製品,名証メイン,7870
587,エステールホールディングス,その他製品,東証スタンダード,7872
588,アーク,その他製品,東証1部,7873
589,竹田印刷,その他製品,東証スタンダード,7875
590,光・彩,その他製品,東証スタンダード,7878
591,ノダ,その他製品,東証スタンダード,7879
592,サンメッセ,その他製品,東証スタンダード,7883
593,タカノ,その他製品,東証スタンダード,7885
594,南海プライウッド,その他製品,東証スタンダード,7887
595,桑山,その他製品,東証JASDAQ（スタンダード）,7889
596,プロネクサス,その他製品,東証プライム,7893
597,セブン工業,その他製品,東証スタンダード,7896
598,ホクシン,その他製品,東証スタンダード,7897
599,ウッドワン,その他製品,東証スタンダード,7898
600,マツモト,その他製品,東証スタンダード,7901
601,ソノコム,その他製品,東証スタンダード,7902
602,大建工業,その他製品,東証プライム,7905
603,ヨネックス,その他製品,東証スタンダード,7906
604,大日本木材防腐,その他製品,名証2部,7907
605,凸版印刷,その他製品,東証プライム,7911
606,大日本印刷,その他製品,東証プライム,7912
607,図書印刷,その他製品,東証1部,7913
608,共同印刷,その他製品,東証プライム,7914
609,ＮＩＳＳＨＡ,その他製品,東証プライム,7915
610,光村印刷,その他製品,東証スタンダード,7916
611,野崎印刷紙業,その他製品,東証スタンダード,7919
612,三浦印刷,その他製品,東証2部,7920
613,ＴＡＫＡＲＡ　＆　ＣＯＭＰＡＮＹ,その他製品,東証プライム,7921
614,三光産業,その他製品,東証スタンダード,7922
615,トーイン,その他製品,東証スタンダード,7923
616,ニッピ,その他製品,東証スタンダード,7932
617,日本ファイリング,その他製品,ジ証,7933
618,メルクス,その他製品,東証2部,7934
619,コンビ,その他製品,東証1部,7935
620,アシックス,その他製品,東証プライム,7936
621,ツツミ,その他製品,東証スタンダード,7937
622,リーガルコーポレーション,その他製品,東証スタンダード,7938
623,研創,その他製品,東証スタンダード,7939
624,ローランド,その他製品,東証プライム,7944
625,コマニー,その他製品,東証スタンダード,7945
626,光陽社,その他製品,東証スタンダード,7946
627,小松ウオール工業,その他製品,東証プライム,7949
628,ヤマハ,その他製品,東証プライム,7951
629,河合楽器製作所,その他製品,東証プライム,7952
630,菊水化学工業,その他製品,東証スタンダード,7953
631,クリナップ,その他製品,東証プライム,7955
632,ピジョン,その他製品,東証プライム,7956
633,フジコピアン,その他製品,東証スタンダード,7957
634,オリバー,その他製品,東証1部,7959
635,パラマウントベッド,その他製品,東証1部,7960
636,兼松サステック,その他製品,東証スタンダード,7961
637,キングジム,その他製品,東証プライム,7962
638,興研,その他製品,東証スタンダード,7963
639,リンテック,その他製品,東証プライム,7966
640,ＴＡＳＡＫＩ,その他製品,東証1部,7968
641,イトーキ,その他製品,東証プライム,7972
642,ホウトク,その他製品,名証2部,7973
643,任天堂,その他製品,東証プライム,7974
644,リヒトラブ,その他製品,東証スタンダード,7975
645,三菱鉛筆,その他製品,東証プライム,7976
646,重松製作所,その他製品,東証スタンダード,7980
647,タカラスタンダード,その他製品,東証プライム,7981
648,ミロク,その他製品,東証スタンダード,7983
649,コクヨ,その他製品,東証プライム,7984
650,日本アイ・エス・ケイ,その他製品,東証スタンダード,7986
651,ナカバヤシ,その他製品,東証プライム,7987
652,グローブライド,その他製品,東証プライム,7990
653,セーラー万年筆,その他製品,東証スタンダード,7992
654,サンウエーブ工業,その他製品,東証1部,7993
655,オカムラ,その他製品,東証プライム,7994
656,くろがね工作所,その他製品,東証スタンダード,7997
657,ミズノ,その他製品,東証プライム,8022
658,アデランス,その他製品,東証1部,8170
659,日本風力開発,電気・ガス業,東証2部,2766
660,東京電力ホールディングス,電気・ガス業,東証プライム,9501
661,中部電力,電気・ガス業,東証プライム,9502
662,関西電力,電気・ガス業,東証プライム,9503
663,中国電力,電気・ガス業,東証プライム,9504
664,北陸電力,電気・ガス業,東証プライム,9505
665,東北電力,電気・ガス業,東証プライム,9506
666,四国電力,電気・ガス業,東証プライム,9507
667,九州電力,電気・ガス業,東証プライム,9508
668,北海道電力,電気・ガス業,東証プライム,9509
669,沖縄電力,電気・ガス業,東証プライム,9511
670,Ｊパワー,電気・ガス業,東証プライム,9513
671,エフオン,電気・ガス業,東証プライム,9514
672,イーレックス,電気・ガス業,東証プライム,9517
673,レノバ,電気・ガス業,東証プライム,9519
674,リニューアブル・ジャパン,電気・ガス業,東証グロース,9522
675,東京ガス,電気・ガス業,東証プライム,9531
676,大阪ガス,電気・ガス業,東証プライム,9532
677,東邦ガス,電気・ガス業,東証プライム,9533
678,北海道ガス,電気・ガス業,東証プライム,9534
679,広島ガス,電気・ガス業,東証プライム,9535
680,西部ガスホールディングス,電気・ガス業,東証プライム,9536
681,北陸ガス,電気・ガス業,東証スタンダード,9537
682,京葉瓦斯,電気・ガス業,東証スタンダード,9539
683,中部瓦斯,電気・ガス業,名証2部,9540
684,大多喜ガス,電気・ガス業,東証2部,9541
685,新日本瓦斯,電気・ガス業,東証2部,9542
686,静岡ガス,電気・ガス業,東証プライム,9543
687,東日本ガス,電気・ガス業,東証2部,9544
688,メタウォーター,電気・ガス業,東証プライム,9551
689,ＳＢＳホールディングス,陸運業,東証プライム,2384
690,東武鉄道,陸運業,東証プライム,9001
691,相鉄ホールディングス,陸運業,東証プライム,9003
692,東急,陸運業,東証プライム,9005
693,京浜急行電鉄,陸運業,東証プライム,9006
694,小田急電鉄,陸運業,東証プライム,9007
695,京王電鉄,陸運業,東証プライム,9008
696,京成電鉄,陸運業,東証プライム,9009
697,富士急行,陸運業,東証プライム,9010
698,秩父鉄道,陸運業,東証スタンダード,9012
699,新京成電鉄,陸運業,東証スタンダード,9014
700,新潟交通,陸運業,東証スタンダード,9017
701,ＪＲ東日本,陸運業,東証プライム,9020
702,ＪＲ西日本,陸運業,東証プライム,9021
703,ＪＲ東海,陸運業,東証プライム,9022
704,西武ホールディングス,陸運業,東証プライム,9024
705,鴻池運輸,陸運業,東証プライム,9025
706,ロジネット　ジャパン,陸運業,札証普通,9027
707,ゼロ,陸運業,東証スタンダード,9028
708,ヒガシトゥエンティワン,陸運業,東証スタンダード,9029
709,アートコーポレーション,陸運業,東証1部,9030
710,西日本鉄道,陸運業,東証プライム,9031
711,広島電鉄,陸運業,東証スタンダード,9033
712,南総通運,陸運業,東証スタンダード,9034
713,第一交通産業,陸運業,福証普通,9035
714,東部ネットワーク,陸運業,東証スタンダード,9036
715,ハマキョウレックス,陸運業,東証プライム,9037
716,サカイ引越センター,陸運業,東証プライム,9039
717,大宝運輸,陸運業,名証メイン,9040
718,近鉄グループホールディングス,陸運業,東証プライム,9041
719,阪急阪神ホールディングス,陸運業,東証プライム,9042
720,南海電気鉄道,陸運業,東証プライム,9044
721,京阪ホールディングス,陸運業,東証プライム,9045
722,神戸電鉄,陸運業,東証プライム,9046
723,名糖運輸,陸運業,東証1部,9047
724,名古屋鉄道,陸運業,東証プライム,9048
725,京福電気鉄道,陸運業,東証スタンダード,9049
726,センコン物流,陸運業,東証スタンダード,9051
727,山陽電気鉄道,陸運業,東証プライム,9052
728,中央運輸,陸運業,ジ証,9053
729,アルプス物流,陸運業,東証プライム,9055
730,ヒューテックノオリン,陸運業,東証2部,9056
731,遠州トラック,陸運業,東証スタンダード,9057
732,カンダホールディングス,陸運業,東証スタンダード,9059
733,日本ロジテム,陸運業,東証スタンダード,9060
734,富士物流,陸運業,東証2部,9061
735,日本通運,陸運業,東証1部,9062
736,岡山県貨物運送,陸運業,東証スタンダード,9063
737,ヤマトホールディングス,陸運業,東証プライム,9064
738,山九,陸運業,東証プライム,9065
739,丸運,陸運業,東証スタンダード,9067
740,丸全昭和運輸,陸運業,東証プライム,9068
741,センコーグループホールディングス,陸運業,東証プライム,9069
742,トナミホールディングス,陸運業,東証プライム,9070
743,ニッコンホールディングス,陸運業,東証プライム,9072
744,京極運輸商事,陸運業,東証スタンダード,9073
745,日本石油輸送,陸運業,東証スタンダード,9074
746,福山通運,陸運業,東証プライム,9075
747,セイノーホールディングス,陸運業,東証プライム,9076
748,名鉄運輸,陸運業,名証メイン,9077
749,エスライン,陸運業,東証スタンダード,9078
750,神奈川中央交通,陸運業,東証プライム,9081
751,大和自動車交通,陸運業,東証スタンダード,9082
752,神姫バス,陸運業,東証スタンダード,9083
753,北海道中央バス,陸運業,札証普通,9085
754,日立物流,陸運業,東証プライム,9086
755,タカセ,陸運業,東証スタンダード,9087
756,ＡＺ−ＣＯＭ丸和ホールディングス,陸運業,東証プライム,9090
757,Ｃ＆Ｆロジホールディングス,陸運業,東証プライム,9099
758,ＪＲ九州,陸運業,東証プライム,9142
759,ＳＧホールディングス,陸運業,東証プライム,9143
760,ビーイングホールディングス,陸運業,東証スタンダード,9145
761,ＮＩＰＰＯＮ　ＥＸＰＲＥＳＳ　ホールディングス,陸運業,東証プライム,9147
762,日本郵船,海運業,東証プライム,9101
763,商船三井,海運業,東証プライム,9104
764,川崎汽船,海運業,東証プライム,9107
765,ＮＳユナイテッド海運,海運業,東証プライム,9110
766,乾汽船,海運業,東証1部,9113
767,明治海運,海運業,東証スタンダード,9115
768,飯野海運,海運業,東証プライム,9119
769,太平洋海運,海運業,東証1部,9123
770,玉井商船,海運業,東証スタンダード,9127
771,共栄タンカー,海運業,東証スタンダード,9130
772,第一中央汽船,海運業,東証1部,9132
773,東栄リーファーライン,海運業,東証JASDAQ（スタンダード）,9133
774,関西汽船,海運業,東証2部,9152
775,栗林商船,海運業,東証スタンダード,9171
776,東海汽船,海運業,東証スタンダード,9173
777,佐渡汽船,海運業,東証スタンダード,9176
778,川崎近海汽船,海運業,東証スタンダード,9179
779,ＮＳユナイテッド内航海運,海運業,東証JASDAQ（スタンダード）,9180
780,乾汽船,海運業,東証スタンダード,9308
781,日本航空,空運業,東証プライム,9201
782,ＡＮＡホールディングス,空運業,東証プライム,9202
783,スカイマーク,空運業,東証グロース,9204
784,日本航空,空運業,東証1部,9205
785,スターフライヤー,空運業,東証スタンダード,9206
786,国際航業,空運業,東証1部,9231
787,パスコ,空運業,東証スタンダード,9232
788,アジア航測,空運業,東証スタンダード,9233
789,国際航業ホールディングス,空運業,東証1部,9234
790,トランコム,倉庫・運輸関連業,東証プライム,9058
791,日新,倉庫・運輸関連業,東証プライム,9066
792,東京汽船,倉庫・運輸関連業,東証スタンダード,9193
793,三菱倉庫,倉庫・運輸関連業,東証プライム,9301
794,三井倉庫ホールディングス,倉庫・運輸関連業,東証プライム,9302
795,住友倉庫,倉庫・運輸関連業,東証プライム,9303
796,澁澤倉庫,倉庫・運輸関連業,東証プライム,9304
797,東陽倉庫,倉庫・運輸関連業,東証スタンダード,9306
798,杉村倉庫,倉庫・運輸関連業,東証スタンダード,9307
799,日本トランスシティ,倉庫・運輸関連業,東証プライム,9310
800,アサガミ,倉庫・運輸関連業,東証スタンダード,9311
801,ケイヒン,倉庫・運輸関連業,東証スタンダード,9312
802,丸八倉庫,倉庫・運輸関連業,東証スタンダード,9313
803,オーナミ,倉庫・運輸関連業,東証2部,9317
804,中央倉庫,倉庫・運輸関連業,東証プライム,9319
805,三和倉庫,倉庫・運輸関連業,東証2部,9320
806,アイ・ロジスティクス,倉庫・運輸関連業,東証2部,9321
807,川西倉庫,倉庫・運輸関連業,東証スタンダード,9322
808,日本ロジステック,倉庫・運輸関連業,ジ証,9323
809,安田倉庫,倉庫・運輸関連業,東証プライム,9324
810,ファイズホールディングス,倉庫・運輸関連業,東証プライム,9325
811,関通,倉庫・運輸関連業,東証グロース,9326
812,イー・ロジット,倉庫・運輸関連業,東証スタンダード,9327
813,東洋埠頭,倉庫・運輸関連業,東証プライム,9351
814,櫻島埠頭,倉庫・運輸関連業,東証スタンダード,9353
815,リンコーコーポレーション,倉庫・運輸関連業,東証スタンダード,9355
816,名港海運,倉庫・運輸関連業,名証メイン,9357
817,宇徳,倉庫・運輸関連業,東証1部,9358
818,伊勢湾海運,倉庫・運輸関連業,名証メイン,9359
819,伏木海陸運送,倉庫・運輸関連業,東証スタンダード,9361
820,兵機海運,倉庫・運輸関連業,東証スタンダード,9362
821,大運,倉庫・運輸関連業,東証スタンダード,9363
822,上組,倉庫・運輸関連業,東証プライム,9364
823,トレーディア,倉庫・運輸関連業,東証スタンダード,9365
824,サンリツ,倉庫・運輸関連業,東証スタンダード,9366
825,大東港運,倉庫・運輸関連業,東証スタンダード,9367
826,キムラユニティー,倉庫・運輸関連業,東証スタンダード,9368
827,キユーソー流通システム,倉庫・運輸関連業,東証スタンダード,9369
828,郵船ロジスティクス,倉庫・運輸関連業,東証1部,9370
829,トラステックスホールディングス,倉庫・運輸関連業,大証,9374
830,近鉄エクスプレス,倉庫・運輸関連業,東証プライム,9375
831,エージーピー,倉庫・運輸関連業,東証スタンダード,9377
832,ワールド・ロジ,倉庫・運輸関連業,東証JASDAQ（スタンダード）,9378
833,三洋電機ロジスティクス,倉庫・運輸関連業,ジ証,9379
834,東海運,倉庫・運輸関連業,東証スタンダード,9380
835,エーアイテイー,倉庫・運輸関連業,東証プライム,9381
836,バンテック,倉庫・運輸関連業,東証1部,9382
837,内外トランスライン,倉庫・運輸関連業,東証プライム,9384
838,日本コンセプト,倉庫・運輸関連業,東証プライム,9386
0,アピックヤマダ,機械,東証2部,6300
1,日本ドライケミカル,機械,東証スタンダード,1909
2,アタカ大機,機械,東証1部,1978
3,ミューチュアル,機械,東証スタンダード,2773
4,ファブリカ　トヤマ,機械,大証,3129
5,セタ,機械,ジ証,4670
6,日本製鋼所,機械,東証プライム,5631
7,日立ツール,機械,東証1部,5963
8,三浦工業,機械,東証プライム,6005
9,タクマ,機械,東証プライム,6013
10,富士ロビン,機械,東証2部,6021
11,赤阪鐵工所,機械,東証スタンダード,6022
12,ツガミ,機械,東証プライム,6101
13,オークマ,機械,東証プライム,6103
14,芝浦機械,機械,東証プライム,6104
15,旭精機工業,機械,名証メイン,6111
16,小島鉄工所,機械,名証2部,6112
17,アマダ,機械,東証プライム,6113
18,アイダエンジニアリング,機械,東証プライム,6118
19,ＴＡＫＩＳＡＷＡ,機械,東証スタンダード,6121
20,岡本工作機械製作所,機械,東証スタンダード,6125
21,日平トヤマ,機械,東証2部,6130
22,浜井産業,機械,東証スタンダード,6131
23,ＦＵＪＩ,機械,東証プライム,6134
24,牧野フライス製作所,機械,東証プライム,6135
25,ＯＳＧ,機械,東証プライム,6136
26,小池酸素工業,機械,東証スタンダード,6137
27,ダイジェット工業,機械,東証スタンダード,6138
28,旭ダイヤモンド工業,機械,東証プライム,6140
29,ＤＭＧ森精機,機械,東証プライム,6141
30,富士精工,機械,名証メイン,6142
31,ソディック,機械,東証プライム,6143
32,西部電機,機械,東証スタンダード,6144
33,ＮＩＴＴＯＫＵ,機械,東証スタンダード,6145
34,ディスコ,機械,東証プライム,6146
35,ヤマザキ,機械,東証スタンダード,6147
36,小田原エンジニアリング,機械,東証スタンダード,6149
37,タケダ機械,機械,東証スタンダード,6150
38,日東工器,機械,東証プライム,6151
39,高松機械工業,機械,東証スタンダード,6155
40,エーワン精密,機械,東証スタンダード,6156
41,日進工具,機械,東証プライム,6157
42,和井田製作所,機械,東証スタンダード,6158
43,ミクロン精密,機械,東証スタンダード,6159
44,ソディックハイテック,機械,へ証,6160
45,エスティック,機械,東証スタンダード,6161
46,ミヤノ,機械,東証2部,6162
47,エイチアンドエフ,機械,東証JASDAQ（スタンダード）,6163
48,太陽工機,機械,東証スタンダード,6164
49,パンチ工業,機械,東証プライム,6165
50,中村超硬,機械,東証グロース,6166
51,冨士ダイス,機械,東証プライム,6167
52,豊和工業,機械,東証プライム,6203
53,ニデックオーケーケー,機械,東証スタンダード,6205
54,石川製作所,機械,東証スタンダード,6208
55,東洋機械金属,機械,東証プライム,6210
56,倉敷機械,機械,東証2部,6211
57,オーエム製作所,機械,東証1部,6213
58,津田駒工業,機械,東証スタンダード,6217
59,エンシュウ,機械,東証プライム,6218
60,島精機製作所,機械,東証プライム,6222
61,守谷輸送機工業,機械,東証スタンダード,6226
62,ＡＩメカテック,機械,東証スタンダード,6227
63,オーケーエム,機械,東証スタンダード,6229
64,ＳＡＮＥＩ,機械,東証スタンダード,6230
65,木村工機,機械,東証スタンダード,6231
66,ＡＣＳＬ,機械,東証グロース,6232
67,極東産機,機械,東証スタンダード,6233
68,オプトラン,機械,東証プライム,6235
69,ＮＣホールディングス,機械,東証スタンダード,6236
70,イワキポンプ,機械,東証プライム,6237
71,フリュー,機械,東証プライム,6238
72,ナガオカ,機械,東証スタンダード,6239
73,ヤマシンフィルタ,機械,東証プライム,6240
74,日本スピンドル製造,機械,東証1部,6242
75,ヒラノテクシード,機械,東証スタンダード,6245
76,テクノスマート,機械,東証スタンダード,6246
77,日阪製作所,機械,東証プライム,6247
78,横田製作所,機械,東証スタンダード,6248
79,ゲームカード・ジョイコホールディングス,機械,東証スタンダード,6249
80,やまびこ,機械,東証プライム,6250
81,ＴＡＩＹＯ,機械,東証2部,6252
82,野村マイクロ・サイエンス,機械,東証プライム,6254
83,エヌ・ピー・シー,機械,東証グロース,6255
84,ニューフレアテクノロジー,機械,東証JASDAQ（スタンダード）,6256
85,藤商事,機械,東証スタンダード,6257
86,平田機工,機械,東証プライム,6258
87,大崎エンジニアリング,機械,東証JASDAQ（スタンダード）,6259
88,アドテックエンジニアリング,機械,東証JASDAQ（スタンダード）,6260
89,日本ゲームカード,機械,ジ証,6261
90,ペガサスミシン製造,機械,東証プライム,6262
91,プロデュース,機械,ジ証,6263
92,マルマエ,機械,東証プライム,6264
93,コンバム,機械,東証スタンダード,6265
94,タツモ,機械,東証プライム,6266
95,ゼネラルパッカー,機械,東証スタンダード,6267
96,ナブテスコ,機械,東証プライム,6268
97,三井海洋開発,機械,東証プライム,6269
98,ニッセイ,機械,東証2部,6271
99,レオン自動機,機械,東証プライム,6272
100,ＳＭＣ,機械,東証プライム,6273
101,ヤマハモーターロボティクスホールディングス,機械,東証1部,6274
102,ホソカワミクロン,機械,東証プライム,6277
103,ユニオンツール,機械,東証プライム,6278
104,瑞光,機械,東証スタンダード,6279
105,名機製作所,機械,名証2部,6280
106,前田製作所,機械,東証JASDAQ（スタンダード）,6281
107,オイレス工業,機械,東証プライム,6282
108,日精エー・エス・ビー機械,機械,東証プライム,6284
109,靜甲,機械,東証スタンダード,6286
110,サトーホールディングス,機械,東証プライム,6287
111,技研製作所,機械,東証プライム,6289
112,エス・イー・エス,機械,ジ証,6290
113,日本エアーテック,機械,東証プライム,6291
114,カワタ,機械,東証スタンダード,6292
115,日精樹脂工業,機械,東証プライム,6293
116,オカダアイヨン,機械,東証プライム,6294
117,富士変速機,機械,名証メイン,6295
118,鉱研工業,機械,東証スタンダード,6297
119,ワイエイシイホールディングス,機械,東証プライム,6298
120,神鋼環境ソリューション,機械,東証2部,6299
121,コマツ,機械,東証プライム,6301
122,住友重機械工業,機械,東証プライム,6302
123,ササクラ,機械,東証スタンダード,6303
124,マキ製作所,機械,ジ証,6304
125,日立建機,機械,東証プライム,6305
126,日工,機械,東証プライム,6306
127,サンセイ,機械,東証スタンダード,6307
128,巴工業,機械,東証プライム,6309
129,井関農機,機械,東証プライム,6310
130,フロイント産業,機械,東証スタンダード,6312
131,共立,機械,東証1部,6313
132,石井工作研究所,機械,東証JASDAQ（スタンダード）,6314
133,ＴＯＷＡ,機械,東証プライム,6315
134,丸山製作所,機械,東証スタンダード,6316
135,北川鉄工所,機械,東証プライム,6317
136,新ダイワ工業,機械,東証2部,6320
137,ＩＨＩ運搬機械,機械,東証2部,6321
138,タクミナ,機械,東証スタンダード,6322
139,ローツェ,機械,東証プライム,6323
140,ハーモニック・ドライブ・システムズ,機械,東証スタンダード,6324
141,タカキタ,機械,東証スタンダード,6325
142,クボタ,機械,東証プライム,6326
143,北川精機,機械,東証スタンダード,6327
144,荏原実業,機械,東証プライム,6328
145,三菱化工機,機械,東証プライム,6331
146,月島機械,機械,東証プライム,6332
147,帝国電機製作所,機械,東証プライム,6333
148,明治機械,機械,東証スタンダード,6334
149,東京機械製作所,機械,東証スタンダード,6335
150,石井表記,機械,東証スタンダード,6336
151,テセック,機械,東証スタンダード,6337
152,タカトリ,機械,東証スタンダード,6338
153,新東工業,機械,東証プライム,6339
154,澁谷工業,機械,東証プライム,6340
155,太平製作所,機械,東証スタンダード,6342
156,フリージア・マクロス,機械,東証スタンダード,6343
157,キヤノンマシナリー,機械,大証,6344
158,アイチコーポレーション,機械,東証プライム,6345
159,キクカワエンタープライズ,機械,東証スタンダード,6346
160,プラコー,機械,東証スタンダード,6347
161,小森コーポレーション,機械,東証プライム,6349
162,鶴見製作所,機械,東証プライム,6351
163,トーヨーコーケン,機械,ジ証,6352
164,住友精密工業,機械,東証スタンダード,6355
165,日本ギア工業,機械,東証スタンダード,6356
166,三精テクノロジーズ,機械,東証スタンダード,6357
167,酒井重工業,機械,東証プライム,6358
168,東京自働機械製作所,機械,東証スタンダード,6360
169,荏原,機械,東証プライム,6361
170,石井鐵工所,機械,東証スタンダード,6362
171,酉島製作所,機械,東証プライム,6363
172,北越工業,機械,東証プライム,6364
173,電業社機械製作所,機械,東証スタンダード,6365
174,ダイキン工業,機械,東証プライム,6367
175,オルガノ,機械,東証プライム,6368
176,トーヨーカネツ,機械,東証プライム,6369
177,栗田工業,機械,東証プライム,6370
178,椿本チエイン,機械,東証プライム,6371
179,大同工業,機械,東証スタンダード,6373
180,ＴＣＭ,機械,東証1部,6374
181,日本コンベヤ,機械,東証1部,6375
182,木村化工機,機械,東証スタンダード,6378
183,オリエンタルチエン工業,機械,東証スタンダード,6380
184,アネスト岩田,機械,東証プライム,6381
185,トリニティ工業,機械,東証スタンダード,6382
186,ダイフク,機械,東証プライム,6383
187,昭和真空,機械,東証スタンダード,6384
188,サムコ,機械,東証プライム,6387
189,加藤製作所,機械,東証プライム,6390
190,加地テック,機械,東証スタンダード,6391
191,ヤマダコーポレーション,機械,東証スタンダード,6392
192,油研工業,機械,東証スタンダード,6393
193,タダノ,機械,東証プライム,6395
194,宇野澤組鐵工所,機械,東証スタンダード,6396
195,郷鉄工所,機械,東証2部,6397
196,不二精機,機械,東証スタンダード,6400
197,ソディックプラステック,機械,ジ証,6401
198,兼松エンジニアリング,機械,東証スタンダード,6402
199,水道機工,機械,東証スタンダード,6403
200,鈴茂器工,機械,東証スタンダード,6405
201,フジテック,機械,東証プライム,6406
202,ＣＫＤ,機械,東証プライム,6407
203,小倉クラッチ,機械,東証スタンダード,6408
204,キトー,機械,東証プライム,6409
205,中野冷機,機械,東証スタンダード,6411
206,平和,機械,東証プライム,6412
207,理想科学工業,機械,東証プライム,6413
208,川重冷熱工業,機械,東証JASDAQ（スタンダード）,6414
209,ニスカ,機械,ジ証,6415
210,桂川電機,機械,東証スタンダード,6416
211,ＳＡＮＫＹＯ,機械,東証プライム,6417
212,日本金銭機械,機械,東証プライム,6418
213,マースグループホールディングス,機械,東証プライム,6419
214,フクシマガリレイ,機械,東証プライム,6420
215,キヤノンファインテック,機械,東証1部,6421
216,アビリット,機械,東証1部,6423
217,高見沢サイバネティックス,機械,東証スタンダード,6424
218,ユニバーサルエンターテインメント,機械,東証スタンダード,6425
219,オーイズミ,機械,東証プライム,6428
220,タイヨーエレック,機械,ジ証,6429
221,ダイコク電機,機械,東証プライム,6430
222,竹内製作所,機械,東証プライム,6432
223,ヒーハイスト,機械,東証スタンダード,6433
224,アマノ,機械,東証プライム,6436
225,三條機械製作所,機械,東証2部,6437
226,中日本鋳工,機械,名証メイン,6439
227,ＪＵＫＩ,機械,東証プライム,6440
228,東洋製作所,機械,東証2部,6443
229,サンデン,機械,東証プライム,6444
230,ジャノメ,機械,東証プライム,6445
231,シルバー精工,機械,東証1部,6453
232,マックス,機械,東証プライム,6454
233,グローリー,機械,東証プライム,6457
234,新晃工業,機械,東証プライム,6458
235,大和冷機工業,機械,東証プライム,6459
236,セガサミーホールディングス,機械,東証プライム,6460
237,日本ピストンリング,機械,東証プライム,6461
238,リケン,機械,東証プライム,6462
239,ＴＰＲ,機械,東証プライム,6463
240,ツバキ・ナカシマ,機械,東証プライム,6464
241,ホシザキ,機械,東証プライム,6465
242,ＴＶＥ,機械,東証スタンダード,6466
243,ニチダイ,機械,東証スタンダード,6467
244,放電精密加工研究所,機械,東証スタンダード,6469
245,大豊工業,機械,東証プライム,6470
246,日本精工,機械,東証プライム,6471
247,ＮＴＮ,機械,東証プライム,6472
248,ジェイテクト,機械,東証プライム,6473
249,不二越,機械,東証プライム,6474
250,富士テクニカ宮津,機械,東証JASDAQ（スタンダード）,6476
251,ツバキ・ナカシマ,機械,東証1部,6477
252,ダイベア,機械,東証2部,6478
253,日本トムソン,機械,東証プライム,6480
254,ＴＨＫ,機械,東証プライム,6481
255,ユーシン精機,機械,東証プライム,6482
256,ＫＶＫ,機械,東証スタンダード,6484
257,前澤給装工業,機械,東証プライム,6485
258,イーグル工業,機械,東証プライム,6486
259,積水工機製作所,機械,東証2部,6487
260,ヨシタケ,機械,東証スタンダード,6488
261,前澤工業,機械,東証スタンダード,6489
262,日本ピラー工業,機械,東証プライム,6490
263,岡野バルブ製造,機械,東証スタンダード,6492
264,ＮＦＫホールディングス,機械,東証スタンダード,6494
265,宮入バルブ製作所,機械,東証スタンダード,6495
266,中北製作所,機械,東証スタンダード,6496
267,ハマイ,機械,東証スタンダード,6497
268,キッツ,機械,東証プライム,6498
269,日立工機,機械,東証1部,6581
270,マキタ,機械,東証プライム,6586
271,三井Ｅ＆Ｓホールディングス,機械,東証プライム,7003
272,日立造船,機械,東証プライム,7004
273,三菱重工業,機械,東証プライム,7011
274,ＩＨＩ,機械,東証プライム,7013
275,ニッチツ,機械,東証スタンダード,7021
276,サノヤスホールディングス,機械,東証スタンダード,7022
277,スター精密,機械,東証プライム,7718
278,黒田精工,機械,東証スタンダード,7726
279,セコニック,機械,東証2部,7758
280,マミヤ・オーピー,機械,東証スタンダード,7991
0,ＮＥＣネッツエスアイ,情報・通信業,東証プライム,1973
1,クルーズ,情報・通信業,東証スタンダード,2138
2,ドーン,情報・通信業,東証スタンダード,2303
3,ビック東海,情報・通信業,ジ証,2306
4,クロスキャット,情報・通信業,東証プライム,2307
5,イーシー・ワン,情報・通信業,ジ証,2310
6,ＣＡＩＣＡ　ＤＩＧＩＴＡＬ,情報・通信業,東証スタンダード,2315
7,システナ,情報・通信業,東証プライム,2317
8,ソフトフロントホールディングス,情報・通信業,東証グロース,2321
9,ｆｏｎｆｕｎ,情報・通信業,東証スタンダード,2323
10,デジタルアーツ,情報・通信業,東証プライム,2326
11,日鉄ソリューションズ,情報・通信業,東証プライム,2327
12,東北新社,情報・通信業,東証スタンダード,2329
13,フォーサイド,情報・通信業,東証スタンダード,2330
14,クエスト,情報・通信業,東証スタンダード,2332
15,ジー・モード,情報・通信業,ジ証,2333
16,キューブシステム,情報・通信業,東証プライム,2335
17,クオンタムソリューションズ,情報・通信業,東証スタンダード,2338
18,クシム,情報・通信業,東証スタンダード,2345
19,アイ・ビー・イーホールディングス,情報・通信業,東証マザーズ,2347
20,エヌアイデイ,情報・通信業,東証スタンダード,2349
21,オックスホールディングス,情報・通信業,へ証,2350
22,ＡＳＪ,情報・通信業,東証グロース,2351
23,ＷＯＷ　ＷＯＲＬＤ,情報・通信業,東証プライム,2352
24,ＹＥ　ＤＩＧＩＴＡＬ,情報・通信業,東証スタンダード,2354
25,ＳＢＩネットシステムズ,情報・通信業,東証マザーズ,2355
26,ＴＣＢホールディングス,情報・通信業,東証マザーズ,2356
27,コア,情報・通信業,東証プライム,2359
28,ウィーヴ,情報・通信業,ジ証,2360
29,ゲンダイエージェンシー,情報・通信業,東証スタンダード,2411
30,ジェイエムテクノロジー,情報・通信業,福証Q-Board,2423
31,手間いらず,情報・通信業,東証プライム,2477
32,システム・ロケーション,情報・通信業,東証スタンダード,2480
33,出前館,情報・通信業,東証スタンダード,2484
34,三井情報,情報・通信業,東証2部,2665
35,パイオン,情報・通信業,東証JASDAQ（スタンダード）,2799
36,ラクーンホールディングス,情報・通信業,東証プライム,3031
37,ソリトンシステムズ,情報・通信業,東証プライム,3040
38,セキュアヴェイル,情報・通信業,東証グロース,3042
39,テリロジー,情報・通信業,東証スタンダード,3356
40,ソフトクリエイトホールディングス,情報・通信業,東証プライム,3371
41,トムス・エンタテインメント,情報・通信業,名証2部,3585
42,デジタルハーツ,情報・通信業,東証1部,3620
43,ネットイヤーグループ,情報・通信業,東証グロース,3622
44,ビリングシステム,情報・通信業,東証グロース,3623
45,アクセルマーク,情報・通信業,東証グロース,3624
46,テックファームホールディングス,情報・通信業,東証グロース,3625
47,ＴＩＳ,情報・通信業,東証プライム,3626
48,ＪＮＳホールディングス,情報・通信業,東証プライム,3627
49,データホライゾン,情報・通信業,東証グロース,3628
50,クロス・マーケティング,情報・通信業,東証マザーズ,3629
51,電算システム,情報・通信業,東証1部,3630
52,グリー,情報・通信業,東証プライム,3632
53,ＧＭＯペパボ,情報・通信業,東証プライム,3633
54,ソケッツ,情報・通信業,東証スタンダード,3634
55,コーエーテクモホールディングス,情報・通信業,東証プライム,3635
56,三菱総合研究所,情報・通信業,東証プライム,3636
57,ボルテージ,情報・通信業,東証スタンダード,3639
58,電算,情報・通信業,東証スタンダード,3640
59,パピレス,情報・通信業,東証スタンダード,3641
60,１ｓｔホールディングス,情報・通信業,東証2部,3644
61,メディカルネット,情報・通信業,東証グロース,3645
62,駅探,情報・通信業,東証グロース,3646
63,ジー・スリーホールディングス,情報・通信業,東証スタンダード,3647
64,ＡＧＳ,情報・通信業,東証スタンダード,3648
65,ファインデックス,情報・通信業,東証プライム,3649
66,ディジタルメディアプロフェッショナル,情報・通信業,東証グロース,3652
67,モルフォ,情報・通信業,東証グロース,3653
68,ヒト・コミュニケーションズ,情報・通信業,東証1部,3654
69,ブレインパッド,情報・通信業,東証プライム,3655
70,ＫＬａｂ,情報・通信業,東証プライム,3656
71,ポールトゥウィンホールディングス,情報・通信業,東証プライム,3657
72,イーブックイニシアティブジャパン,情報・通信業,東証1部,3658
73,ネクソン,情報・通信業,東証プライム,3659
74,アイスタイル,情報・通信業,東証プライム,3660
75,エムアップホールディングス,情報・通信業,東証プライム,3661
76,エイチーム,情報・通信業,東証プライム,3662
77,セルシス,情報・通信業,東証スタンダード,3663
78,モブキャストホールディングス,情報・通信業,東証グロース,3664
79,エニグモ,情報・通信業,東証プライム,3665
80,テクノスジャパン,情報・通信業,東証プライム,3666
81,ｅｎｉｓｈ,情報・通信業,東証スタンダード,3667
82,コロプラ,情報・通信業,東証プライム,3668
83,モバイルクリエイト,情報・通信業,東証1部,3669
84,協立情報通信,情報・通信業,東証スタンダード,3670
85,ソフトマックス,情報・通信業,東証グロース,3671
86,オルトプラス,情報・通信業,東証スタンダード,3672
87,ブロードリーフ,情報・通信業,東証プライム,3673
88,オークファン,情報・通信業,東証グロース,3674
89,クロス・マーケティンググループ,情報・通信業,東証プライム,3675
90,デジタルハーツホールディングス,情報・通信業,東証プライム,3676
91,システム情報,情報・通信業,東証プライム,3677
92,メディアドゥ,情報・通信業,東証プライム,3678
93,じげん,情報・通信業,東証プライム,3679
94,ホットリンク,情報・通信業,東証グロース,3680
95,ブイキューブ,情報・通信業,東証プライム,3681
96,エンカレッジ・テクノロジ,情報・通信業,東証スタンダード,3682
97,サイバーリンクス,情報・通信業,東証プライム,3683
98,みんなのウェディング,情報・通信業,東証マザーズ,3685
99,ディー・エル・イー,情報・通信業,東証スタンダード,3686
100,フィックスターズ,情報・通信業,東証プライム,3687
101,ＣＡＲＴＡ　ＨＯＬＤＩＮＧＳ,情報・通信業,東証プライム,3688
102,イグニス,情報・通信業,東証マザーズ,3689
103,イルグルム,情報・通信業,東証グロース,3690
104,デジタルプラス,情報・通信業,東証グロース,3691
105,ＦＦＲＩセキュリティ,情報・通信業,東証グロース,3692
106,オプティム,情報・通信業,東証プライム,3694
107,ＧＭＯリサーチ,情報・通信業,東証グロース,3695
108,セレス,情報・通信業,東証プライム,3696
109,ＳＨＩＦＴ,情報・通信業,東証プライム,3697
110,ＣＲＩ・ミドルウェア,情報・通信業,東証グロース,3698
111,ジョルダン,情報・通信業,東証スタンダード,3710
112,創通,情報・通信業,東証JASDAQ（スタンダード）,3711
113,情報企画,情報・通信業,東証スタンダード,3712
114,ネットマークス,情報・通信業,東証2部,3713
115,ドワンゴ,情報・通信業,東証1部,3715
116,アーティストハウスホールディングス,情報・通信業,東証マザーズ,3716
117,ジェクシード,情報・通信業,東証スタンダード,3719
118,マッグガーデン,情報・通信業,東証マザーズ,3720
119,日本ベリサイン,情報・通信業,東証マザーズ,3722
120,日本ファルコム,情報・通信業,東証グロース,3723
121,ベリサーブ,情報・通信業,東証1部,3724
122,バンダイネットワークス,情報・通信業,ジ証,3725
123,アプリックス,情報・通信業,東証グロース,3727
124,マクロミル,情報・通信業,東証1部,3730
125,京王ズホールディングス,情報・通信業,東証マザーズ,3731
126,イーウェーヴ,情報・通信業,へ証,3732
127,ソフトウェア・サービス,情報・通信業,東証スタンダード,3733
128,インテア・ホールディングス,情報・通信業,東証マザーズ,3734
129,日立システムアンドサービス,情報・通信業,東証2部,3735
130,コネクトテクノロジーズ,情報・通信業,東証マザーズ,3736
131,ティーガイア,情報・通信業,東証プライム,3738
132,コムシード,情報・通信業,名証ネクスト,3739
133,フレームワークス,情報・通信業,東証マザーズ,3740
134,セック,情報・通信業,東証プライム,3741
135,ＩＴｂｏｏｋ,情報・通信業,東証マザーズ,3742
136,サイオス,情報・通信業,東証スタンダード,3744
137,サミーネットワークス,情報・通信業,東証マザーズ,3745
138,メディアエクスチェンジ,情報・通信業,東証マザーズ,3746
139,インタートレード,情報・通信業,東証スタンダード,3747
140,ＳＢＩベリトランス,情報・通信業,ジ証,3749
141,サイトリ細胞研究所,情報・通信業,東証スタンダード,3750
142,日本アジアグループ,情報・通信業,東証1部,3751
143,ワイズマン,情報・通信業,東証JASDAQ（スタンダード）,3752
144,フライトホールディングス,情報・通信業,東証スタンダード,3753
145,エキサイト,情報・通信業,東証JASDAQ（スタンダード）,3754
146,ゴンゾ,情報・通信業,東証マザーズ,3755
147,豆蔵ホールディングス,情報・通信業,東証1部,3756
148,アエリア,情報・通信業,東証スタンダード,3758
149,ケイブ,情報・通信業,東証スタンダード,3760
150,テクマトリックス,情報・通信業,東証プライム,3762
151,プロシップ,情報・通信業,東証プライム,3763
152,アッカ・ネットワークス,情報・通信業,ジ証,3764
153,ガンホー・オンライン・エンターテイメント,情報・通信業,東証プライム,3765
154,システムズ・デザイン,情報・通信業,東証スタンダード,3766
155,ネクステック,情報・通信業,東証マザーズ,3767
156,リスクモンスター,情報・通信業,東証スタンダード,3768
157,ＧＭＯペイメントゲートウェイ,情報・通信業,東証プライム,3769
158,ザッパラス,情報・通信業,東証スタンダード,3770
159,システムリサーチ,情報・通信業,東証プライム,3771
160,アドバンスト・メディア,情報・通信業,東証グロース,3773
161,インターネットイニシアティブ,情報・通信業,東証プライム,3774
162,ガイアックス,情報・通信業,名証ネクスト,3775
163,ブロードバンドタワー,情報・通信業,東証スタンダード,3776
164,ＦＨＴホールディングス,情報・通信業,東証グロース,3777
165,さくらインターネット,情報・通信業,東証プライム,3778
166,ジェイ・エスコムホールディングス,情報・通信業,東証スタンダード,3779
167,メビックス,情報・通信業,東証マザーズ,3780
168,ＤＰＧホールディングス,情報・通信業,名証セントレックス,3781
169,ディー・ディー・エス,情報・通信業,東証グロース,3782
170,ナノ・メディア,情報・通信業,東証マザーズ,3783
171,ヴィンクス,情報・通信業,東証スタンダード,3784
172,エイティング,情報・通信業,東証マザーズ,3785
173,テレビ東京ブロードバンド,情報・通信業,東証マザーズ,3786
174,テクノマセマティカル,情報・通信業,東証スタンダード,3787
175,ＧＭＯグローバルサイン・ホールディングス,情報・通信業,東証プライム,3788
176,ソネットエンタテインメント,情報・通信業,東証1部,3789
177,日本オフィス・システム,情報・通信業,東証JASDAQ（スタンダード）,3790
178,ＩＧポート,情報・通信業,東証スタンダード,3791
179,ゲームポット,情報・通信業,札証アンビシャス,3792
180,ドリコム,情報・通信業,東証グロース,3793
181,エヌ・デーソフトウェア,情報・通信業,東証2部,3794
182,いい生活,情報・通信業,東証スタンダード,3796
183,ファンダンゴ,情報・通信業,へ証,3797
184,ＵＬＳグループ,情報・通信業,東証スタンダード,3798
185,キーウェアソリューションズ,情報・通信業,東証スタンダード,3799
186,ユニリタ,情報・通信業,東証スタンダード,3800
187,アスキーソリューションズ,情報・通信業,へ証,3801
188,エコミック,情報・通信業,東証スタンダード,3802
189,イメージ情報開発,情報・通信業,東証グロース,3803
190,システム　ディ,情報・通信業,東証スタンダード,3804
191,フィスコ,情報・通信業,東証グロース,3807
192,オウケイウェイヴ,情報・通信業,名証ネクスト,3808
193,バリオセキュア・ネットワークス,情報・通信業,へ証,3809
194,サイバーステップ,情報・通信業,東証スタンダード,3810
195,ビットアイル,情報・通信業,東証1部,3811
196,ゲームオン,情報・通信業,東証マザーズ,3812
197,ゴメス・コンサルティング,情報・通信業,ジ証,3813
198,アルファクス・フード・システム,情報・通信業,東証グロース,3814
199,メディア工房,情報・通信業,東証グロース,3815
200,大和コンピューター,情報・通信業,東証スタンダード,3816
201,ＳＲＡホールディングス,情報・通信業,東証プライム,3817
202,バンクテック・ジャパン,情報・通信業,ジ証,3818
203,インテックホールディングス,情報・通信業,東証1部,3819
204,ＪＢＩＳホールディングス,情報・通信業,東証1部,3820
205,フラクタリスト,情報・通信業,名証セントレックス,3821
206,Ｍｉｎｏｒｉソリューションズ,情報・通信業,東証1部,3822
207,ＴＨＥ　ＷＨＹ　ＨＯＷ　ＤＯ　ＣＯＭＰＡＮＹ,情報・通信業,東証スタンダード,3823
208,メディアファイブ,情報・通信業,福証Q-Board,3824
209,リミックスポイント,情報・通信業,東証スタンダード,3825
210,システムインテグレータ,情報・通信業,東証スタンダード,3826
211,ジャパンインベスト・グループ・ピー・エル・シー,情報・通信業,東証マザーズ,3827
212,ニフティ,情報・通信業,東証2部,3828
213,セルシス,情報・通信業,東証2部,3829
214,ギガプライズ,情報・通信業,名証ネクスト,3830
215,パイプドビッツ,情報・通信業,東証1部,3831
216,Ｔ＆Ｃメディカルサイエンス,情報・通信業,東証JASDAQ（グロース）,3832
217,朝日ネット,情報・通信業,東証プライム,3834
218,ｅＢＡＳＥ,情報・通信業,東証プライム,3835
219,アバントグループ,情報・通信業,東証プライム,3836
220,アドソル日進,情報・通信業,東証プライム,3837
221,ＡＱインタラクティブ,情報・通信業,東証2部,3838
222,パス,情報・通信業,東証スタンダード,3840
223,ジーダット,情報・通信業,東証スタンダード,3841
224,ネクストジェン,情報・通信業,東証グロース,3842
225,フリービット,情報・通信業,東証プライム,3843
226,コムチュア,情報・通信業,東証プライム,3844
227,アイフリークモバイル,情報・通信業,東証スタンダード,3845
228,エイチアイ,情報・通信業,ジ証,3846
229,パシフィックシステム,情報・通信業,東証スタンダード,3847
230,データ・アプリケーション,情報・通信業,東証スタンダード,3848
231,日本テクノ・ラボ,情報・通信業,札証アンビシャス,3849
232,エヌ・ティ・ティ・データ・イントラマート,情報・通信業,東証スタンダード,3850
233,日本一ソフトウェア,情報・通信業,東証スタンダード,3851
234,サイバーコム,情報・通信業,東証スタンダード,3852
235,アステリア,情報・通信業,東証プライム,3853
236,アイル,情報・通信業,東証プライム,3854
237,ラック,情報・通信業,東証スタンダード,3857
238,ユビキタスＡＩ,情報・通信業,東証スタンダード,3858
239,シナジーマーケティング,情報・通信業,東証JASDAQ（スタンダード）,3859
240,クラウドワークス,情報・通信業,東証グロース,3900
241,マークラインズ,情報・通信業,東証プライム,3901
242,メディカル・データ・ビジョン,情報・通信業,東証プライム,3902
243,ｇｕｍｉ,情報・通信業,東証プライム,3903
244,カヤック,情報・通信業,東証グロース,3904
245,データセクション,情報・通信業,東証グロース,3905
246,ＡＬＢＥＲＴ,情報・通信業,東証グロース,3906
247,シリコンスタジオ,情報・通信業,東証グロース,3907
248,コラボス,情報・通信業,東証グロース,3908
249,ショーケース,情報・通信業,東証スタンダード,3909
250,エムケイシステム,情報・通信業,東証スタンダード,3910
251,Ａｉｍｉｎｇ,情報・通信業,東証グロース,3911
252,モバイルファクトリー,情報・通信業,東証プライム,3912
253,ｓＭｅｄｉｏ,情報・通信業,東証グロース,3913
254,ＪＩＧ−ＳＡＷ,情報・通信業,東証グロース,3914
255,テラスカイ,情報・通信業,東証プライム,3915
256,デジタル・インフォメーション・テクノロジー,情報・通信業,東証プライム,3916
257,アイリッジ,情報・通信業,東証グロース,3917
258,ＰＣＩホールディングス,情報・通信業,東証プライム,3918
259,パイプドＨＤ,情報・通信業,東証スタンダード,3919
260,アイビーシー,情報・通信業,東証スタンダード,3920
261,ネオジャパン,情報・通信業,東証プライム,3921
262,ＰＲ　ＴＩＭＥＳ,情報・通信業,東証プライム,3922
263,ラクス,情報・通信業,東証プライム,3923
264,ランドコンピュータ,情報・通信業,東証プライム,3924
265,ダブルスタンダード,情報・通信業,東証プライム,3925
266,オープンドア,情報・通信業,東証プライム,3926
267,フーバーブレイン,情報・通信業,東証グロース,3927
268,マイネット,情報・通信業,東証プライム,3928
269,ソーシャルワイヤー,情報・通信業,東証グロース,3929
270,はてな,情報・通信業,東証グロース,3930
271,バリューゴルフ,情報・通信業,東証グロース,3931
272,アカツキ,情報・通信業,東証プライム,3932
273,チエル,情報・通信業,東証スタンダード,3933
274,ベネフィットジャパン,情報・通信業,東証プライム,3934
275,エディア,情報・通信業,東証グロース,3935
276,グローバルウェイ,情報・通信業,東証グロース,3936
277,Ｕｂｉｃｏｍホールディングス,情報・通信業,東証プライム,3937
278,ＬＩＮＥ,情報・通信業,東証1部,3938
279,カナミックネットワーク,情報・通信業,東証プライム,3939
280,ノムラシステムコーポレーション,情報・通信業,東証プライム,3940
281,バリューデザイン,情報・通信業,東証グロース,3960
282,シルバーエッグ・テクノロジー,情報・通信業,東証グロース,3961
283,チェンジ,情報・通信業,東証プライム,3962
284,シンクロ・フード,情報・通信業,東証プライム,3963
285,オークネット,情報・通信業,東証プライム,3964
286,キャピタル・アセット・プランニング,情報・通信業,東証スタンダード,3965
287,ユーザベース,情報・通信業,東証グロース,3966
288,エルテス,情報・通信業,東証グロース,3967
289,セグエグループ,情報・通信業,東証プライム,3968
290,エイトレッド,情報・通信業,東証スタンダード,3969
291,イノベーション,情報・通信業,東証グロース,3970
292,ティビィシィ・スキヤツト,情報・通信業,東証スタンダード,3974
293,ＡＯＩ　ＴＹＯ　Ｈｏｌｄｉｎｇｓ,情報・通信業,東証1部,3975
294,シャノン,情報・通信業,東証グロース,3976
295,フュージョン,情報・通信業,札証アンビシャス,3977
296,マクロミル,情報・通信業,東証プライム,3978
297,うるる,情報・通信業,東証グロース,3979
298,ビーグリー,情報・通信業,東証プライム,3981
299,オロ,情報・通信業,東証プライム,3983
300,ユーザーローカル,情報・通信業,東証プライム,3984
301,テモナ,情報・通信業,東証プライム,3985
302,ビーブレイクシステムズ,情報・通信業,東証グロース,3986
303,エコモット,情報・通信業,東証グロース,3987
304,ＳＹＳホールディングス,情報・通信業,東証スタンダード,3988
305,シェアリングテクノロジー,情報・通信業,東証グロース,3989
306,ＵＵＵＭ,情報・通信業,東証グロース,3990
307,ウォンテッドリー,情報・通信業,東証グロース,3991
308,ニーズウェル,情報・通信業,東証プライム,3992
309,ＰＫＳＨＡ　Ｔｅｃｈｎｏｌｏｇｙ,情報・通信業,東証スタンダード,3993
310,マネーフォワード,情報・通信業,東証プライム,3994
311,ＳＫＩＹＡＫＩ,情報・通信業,東証グロース,3995
312,サインポスト,情報・通信業,東証プライム,3996
313,トレードワークス,情報・通信業,東証スタンダード,3997
314,すららネット,情報・通信業,東証グロース,3998
315,ナレッジスイート,情報・通信業,東証グロース,3999
316,ヘッドウォータース,情報・通信業,東証グロース,4011
317,アクシス,情報・通信業,東証スタンダード,4012
318,勤次郎,情報・通信業,東証グロース,4013
319,カラダノート,情報・通信業,東証グロース,4014
320,アララ,情報・通信業,東証グロース,4015
321,ＭＩＴホールディングス,情報・通信業,東証スタンダード,4016
322,クリーマ,情報・通信業,東証グロース,4017
323,Ｇｅｏｌｏｃａｔｉｏｎ　Ｔｅｃｈｎｏｌｏｇｙ,情報・通信業,福証Q-Board,4018
324,スタメン,情報・通信業,東証グロース,4019
325,ビートレンド,情報・通信業,東証グロース,4020
326,ＧＭＯフィナンシャルゲート,情報・通信業,東証グロース,4051
327,フィーチャ,情報・通信業,東証グロース,4052
328,Ｓｕｎ　Ａｓｔｅｒｉｓｋ,情報・通信業,東証プライム,4053
329,日本情報クリエイト,情報・通信業,東証グロース,4054
330,ティアンドエス,情報・通信業,東証グロース,4055
331,ニューラルポケット,情報・通信業,東証グロース,4056
332,インターファクトリー,情報・通信業,東証グロース,4057
333,トヨクモ,情報・通信業,東証グロース,4058
334,まぐまぐ,情報・通信業,東証スタンダード,4059
335,ｒａｋｕｍｏ,情報・通信業,東証グロース,4060
336,ベイシス,情報・通信業,東証グロース,4068
337,ＢｌｕｅＭｅｍｅ,情報・通信業,東証グロース,4069
338,プラスアルファ・コンサルティング,情報・通信業,東証グロース,4071
339,電算システムホールディングス,情報・通信業,東証プライム,4072
340,ジィ・シィ企画,情報・通信業,東証グロース,4073
341,ラキール,情報・通信業,東証グロース,4074
342,ブレインズテクノロジー,情報・通信業,東証グロース,4075
343,シイエヌエス,情報・通信業,東証グロース,4076
344,プレイド,情報・通信業,東証グロース,4165
345,かっこ,情報・通信業,東証グロース,4166
346,ココペリ,情報・通信業,東証グロース,4167
347,ヤプリ,情報・通信業,東証グロース,4168
348,ＥＮＥＣＨＡＮＧＥ,情報・通信業,東証グロース,4169
349,Ｋａｉｚｅｎ　Ｐｌａｔｆｏｒｍ,情報・通信業,東証グロース,4170
350,グローバルインフォメーション,情報・通信業,東証スタンダード,4171
351,東和ハイシステム,情報・通信業,東証スタンダード,4172
352,ＷＡＣＵＬ,情報・通信業,東証グロース,4173
353,アピリッツ,情報・通信業,東証スタンダード,4174
354,ｃｏｌｙ,情報・通信業,東証グロース,4175
355,ココナラ,情報・通信業,東証グロース,4176
356,ｉ−ｐｌｕｇ,情報・通信業,東証グロース,4177
357,Ｓｈａｒｉｎｇ　Ｉｎｎｏｖａｔｉｏｎｓ,情報・通信業,東証グロース,4178
358,ジーネクスト,情報・通信業,東証グロース,4179
359,Ａｐｐｉｅｒ　Ｇｒｏｕｐ,情報・通信業,東証プライム,4180
360,スパイダープラス,情報・通信業,東証グロース,4192
361,ファブリカコミュニケーションズ,情報・通信業,東証スタンダード,4193
362,ビジョナル,情報・通信業,東証グロース,4194
363,ネオマーケティング,情報・通信業,東証スタンダード,4196
364,テンダ,情報・通信業,東証スタンダード,4198
365,ワンダープラネット,情報・通信業,東証グロース,4199
366,ＨＣＳホールディングス,情報・通信業,東証スタンダード,4200
367,ＴＨＥＣＯＯ,情報・通信業,東証グロース,4255
368,サインド,情報・通信業,東証グロース,4256
369,網屋,情報・通信業,東証グロース,4258
370,エクサウィザーズ,情報・通信業,東証グロース,4259
371,ハイブリッドテクノロジーズ,情報・通信業,東証グロース,4260
372,アジアクエスト,情報・通信業,東証グロース,4261
373,ニフティライフスタイル,情報・通信業,東証グロース,4262
374,サスメド,情報・通信業,東証グロース,4263
375,セキュア,情報・通信業,東証グロース,4264
376,Ｉｎｓｔｉｔｕｔｉｏｎ　ｆｏｒ　ａ　Ｇｌｏｂａｌ,情報・通信業,東証グロース,4265
377,ライトワークス,情報・通信業,東証グロース,4267
378,エッジテクノロジー,情報・通信業,東証グロース,4268
379,ＢｅｅＸ,情報・通信業,東証グロース,4270
380,パナソニック　インフォメーションシステムズ,情報・通信業,東証1部,4283
381,ソルクシーズ,情報・通信業,東証プライム,4284
382,ジャストプランニング,情報・通信業,東証スタンダード,4287
383,アズジェント,情報・通信業,東証スタンダード,4288
384,ビジネストラスト,情報・通信業,ジ証,4289
385,ＪＩＥＣ,情報・通信業,東証2部,4291
386,フェイス,情報・通信業,東証プライム,4295
387,ゼンテック・テクノロジー・ジャパン,情報・通信業,へ証,4296
388,プロトコーポレーション,情報・通信業,東証プライム,4298
389,ハイマックス,情報・通信業,東証プライム,4299
390,ジグノシステムジャパン,情報・通信業,へ証,4300
391,オープンインタフェース,情報・通信業,へ証,4302
392,Ｅストアー,情報・通信業,東証スタンダード,4304
393,アイ・エム・ジェイ,情報・通信業,ジ証,4305
394,野村総合研究所,情報・通信業,東証プライム,4307
395,Ｊストリーム,情報・通信業,東証グロース,4308
396,ディースリー,情報・通信業,ジ証,4311
397,サイバネットシステム,情報・通信業,東証スタンダード,4312
398,ビーマップ,情報・通信業,東証グロース,4316
399,ＣＥホールディングス,情報・通信業,東証プライム,4320
400,イーシステム,情報・通信業,へ証,4322
401,日本システム技術,情報・通信業,東証プライム,4323
402,バンダイビジュアル,情報・通信業,東証1部,4325
403,インテージホールディングス,情報・通信業,東証プライム,4326
404,ワークスアプリケーションズ,情報・通信業,ジ証,4329
405,セラーテムテクノロジー,情報・通信業,ジ証,4330
406,東邦システムサイエンス,情報・通信業,東証プライム,4333
407,ユークス,情報・通信業,東証スタンダード,4334
408,アイ・ピー・エス,情報・通信業,東証スタンダード,4335
409,スターキャット・ケーブルネットワーク,情報・通信業,ジ証,4339
410,シンプレクス・ホールディングス,情報・通信業,東証1部,4340
411,ソースネクスト,情報・通信業,東証プライム,4344
412,インフォコム,情報・通信業,東証プライム,4348
413,テスク,情報・通信業,名証メイン,4349
414,日本産業ホールディングズ,情報・通信業,札証アンビシャス,4352
415,応用技術,情報・通信業,東証スタンダード,4356
416,ティー・ワイ・オー,情報・通信業,東証1部,4358
417,ラック,情報・通信業,ジ証,4359
418,モビルス,情報・通信業,東証グロース,4370
419,コアコンセプト・テクノロジー,情報・通信業,東証グロース,4371
420,ユミルリンク,情報・通信業,東証グロース,4372
421,シンプレクス・ホールディングス,情報・通信業,東証プライム,4373
422,ＲＯＢＯＴ　ＰＡＹＭＥＮＴ,情報・通信業,東証グロース,4374
423,セーフィー,情報・通信業,東証グロース,4375
424,くふうカンパニー,情報・通信業,東証グロース,4376
425,ワンキャリア,情報・通信業,東証グロース,4377
426,ＣＩＮＣ,情報・通信業,東証グロース,4378
427,Ｐｈｏｔｏｓｙｎｔｈ,情報・通信業,東証グロース,4379
428,Ｍマート,情報・通信業,東証グロース,4380
429,ビープラッツ,情報・通信業,東証グロース,4381
430,ＨＥＲＯＺ,情報・通信業,東証プライム,4382
431,ラクスル,情報・通信業,東証プライム,4384
432,メルカリ,情報・通信業,東証プライム,4385
433,ＳＩＧグループ,情報・通信業,東証スタンダード,4386
434,ＺＵＵ,情報・通信業,東証グロース,4387
435,エーアイ,情報・通信業,東証グロース,4388
436,プロパティデータバンク,情報・通信業,東証グロース,4389
437,アイ・ピー・エス,情報・通信業,東証プライム,4390
438,ロジザード,情報・通信業,東証グロース,4391
439,ＦＩＧ,情報・通信業,東証プライム,4392
440,バンク・オブ・イノベーション,情報・通信業,東証グロース,4393
441,エクスモーション,情報・通信業,東証グロース,4394
442,アクリート,情報・通信業,東証グロース,4395
443,システムサポート,情報・通信業,東証プライム,4396
444,チームスピリット,情報・通信業,東証グロース,4397
445,ブロードバンドセキュリティ,情報・通信業,東証スタンダード,4398
446,くふうカンパニー,情報・通信業,東証マザーズ,4399
447,サイエンスアーツ,情報・通信業,東証グロース,4412
448,ボードルア,情報・通信業,東証グロース,4413
449,フレクト,情報・通信業,東証グロース,4414
450,ブロードエンタープライズ,情報・通信業,東証グロース,4415
451,Ｔｒｕｅ　Ｄａｔａ,情報・通信業,東証グロース,4416
452,グローバルセキュリティエキスパート,情報・通信業,東証グロース,4417
453,ＪＤＳＣ,情報・通信業,東証グロース,4418
454,Ｆｉｎａｔｅｘｔホールディングス,情報・通信業,東証グロース,4419
455,イーソル,情報・通信業,東証プライム,4420
456,ディ・アイ・システム,情報・通信業,東証スタンダード,4421
457,ＶＡＬＵＥＮＥＸ,情報・通信業,東証グロース,4422
458,アルテリア・ネットワークス,情報・通信業,東証プライム,4423
459,Ａｍａｚｉａ,情報・通信業,東証グロース,4424
460,Ｋｕｄａｎ,情報・通信業,東証グロース,4425
461,ＥｄｕＬａｂ,情報・通信業,東証グロース,4427
462,シノプス,情報・通信業,東証グロース,4428
463,リックソフト,情報・通信業,東証グロース,4429
464,東海ソフト,情報・通信業,東証スタンダード,4430
465,スマレジ,情報・通信業,東証グロース,4431
466,ウイングアーク１ｓｔ,情報・通信業,東証プライム,4432
467,ヒト・コミュニケーションズ・ホールディングス,情報・通信業,東証プライム,4433
468,サーバーワークス,情報・通信業,東証プライム,4434
469,カオナビ,情報・通信業,東証グロース,4435
470,ミンカブ・ジ・インフォノイド,情報・通信業,東証グロース,4436
471,ｇｏｏｄｄａｙｓホールディングス,情報・通信業,東証グロース,4437
472,Ｗｅｌｂｙ,情報・通信業,東証グロース,4438
473,東名,情報・通信業,東証プライム,4439
474,ヴィッツ,情報・通信業,東証スタンダード,4440
475,トビラシステムズ,情報・通信業,東証プライム,4441
476,バルテス,情報・通信業,東証グロース,4442
477,Ｓａｎｓａｎ,情報・通信業,東証プライム,4443
478,インフォネット,情報・通信業,東証グロース,4444
479,リビン・テクノロジーズ,情報・通信業,東証グロース,4445
480,Ｌｉｎｋ−Ｕ,情報・通信業,東証プライム,4446
481,ピー・ビーシステムズ,情報・通信業,東証グロース,4447
482,Ｃｈａｔｗｏｒｋ,情報・通信業,東証グロース,4448
483,ギフティ,情報・通信業,東証プライム,4449
484,パワーソリューションズ,情報・通信業,東証グロース,4450
485,ＨＥＮＮＧＥ,情報・通信業,東証グロース,4475
486,ＡＩ　ＣＲＯＳＳ,情報・通信業,東証グロース,4476
487,ＢＡＳＥ,情報・通信業,東証グロース,4477
488,フリー,情報・通信業,東証グロース,4478
489,マクアケ,情報・通信業,東証グロース,4479
490,メドレー,情報・通信業,東証プライム,4480
491,ベース,情報・通信業,東証プライム,4481
492,ウィルズ,情報・通信業,東証グロース,4482
493,ＪＭＤＣ,情報・通信業,東証プライム,4483
494,ランサーズ,情報・通信業,東証グロース,4484
495,ＪＴＯＷＥＲ,情報・通信業,東証グロース,4485
496,ユナイトアンドグロウ,情報・通信業,東証グロース,4486
497,スペースマーケット,情報・通信業,東証グロース,4487
498,ＡＩ　ｉｎｓｉｄｅ,情報・通信業,東証グロース,4488
499,ペイロール,情報・通信業,東証グロース,4489
500,ビザスク,情報・通信業,東証グロース,4490
501,コンピューターマネージメント,情報・通信業,東証スタンダード,4491
502,ゼネテック,情報・通信業,東証スタンダード,4492
503,サイバーセキュリティクラウド,情報・通信業,東証グロース,4493
504,バリオセキュア,情報・通信業,東証スタンダード,4494
505,アイキューブドシステムズ,情報・通信業,東証グロース,4495
506,コマースＯｎｅホールディングス,情報・通信業,東証グロース,4496
507,ロコガイド,情報・通信業,東証マザーズ,4497
508,サイバートラスト,情報・通信業,東証グロース,4498
509,Ｓｐｅｅｅ,情報・通信業,東証スタンダード,4499
510,アンドール,情報・通信業,東証JASDAQ（スタンダード）,4640
511,イマジニア,情報・通信業,東証スタンダード,4644
512,フォーカスシステムズ,情報・通信業,東証プライム,4662
513,日本アジアグループ,情報・通信業,ジ証,4663
514,アイサンテクノロジー,情報・通信業,東証スタンダード,4667
515,クレスコ,情報・通信業,東証プライム,4674
516,フジ・メディア・ホールディングス,情報・通信業,東証プライム,4676
517,オービック,情報・通信業,東証プライム,4684
518,菱友システムズ,情報・通信業,東証スタンダード,4685
519,ジャストシステム,情報・通信業,東証プライム,4686
520,ＴＤＣソフト,情報・通信業,東証プライム,4687
521,Ｚホールディングス,情報・通信業,東証プライム,4689
522,アルゴ２１,情報・通信業,東証1部,4692
523,アクセス,情報・通信業,ジ証,4700
524,トレンドマイクロ,情報・通信業,東証プライム,4704
525,ＩＤホールディングス,情報・通信業,東証プライム,4709
526,日本オラクル,情報・通信業,東証スタンダード,4716
527,アルファシステムズ,情報・通信業,東証プライム,4719
528,フューチャー,情報・通信業,東証プライム,4722
529,ＣＡＣ　Ｈｏｌｄｉｎｇｓ,情報・通信業,東証プライム,4725
530,ＳＢテクノロジー,情報・通信業,東証プライム,4726
531,アジアパシフィックシステム総研,情報・通信業,ジ証,4727
532,トーセ,情報・通信業,東証スタンダード,4728
533,オービックビジネスコンサルタント,情報・通信業,東証プライム,4733
534,ビーイング,情報・通信業,東証JASDAQ（スタンダード）,4734
535,日本ラッド,情報・通信業,東証スタンダード,4736
536,日立ビジネスソリューション,情報・通信業,東証1部,4738
537,伊藤忠テクノソリューションズ,情報・通信業,東証プライム,4739
538,インターネット総合研究所,情報・通信業,東証マザーズ,4741
539,アイティフォー,情報・通信業,東証プライム,4743
540,東計電算,情報・通信業,東証スタンダード,4746
541,構造計画研究所,情報・通信業,東証スタンダード,4748
542,昭和システムエンジニアリング,情報・通信業,東証スタンダード,4752
543,さくらケーシーエス,情報・通信業,東証スタンダード,4761
544,エックスネット,情報・通信業,東証スタンダード,4762
545,Ｎｅｘｕｓ　Ｂａｎｋ,情報・通信業,東証JASDAQ（グロース）,4764
546,大塚商会,情報・通信業,東証プライム,4768
547,ＩＣ,情報・通信業,東証スタンダード,4769
548,図研エルミック,情報・通信業,東証スタンダード,4770
549,ストリームメディアコーポレーション,情報・通信業,東証グロース,4772
550,エー・アンド・アイ　システム,情報・通信業,へ証,4773
551,サイボウズ,情報・通信業,東証プライム,4776
552,ガーラ,情報・通信業,東証スタンダード,4777
553,ソフトブレーン,情報・通信業,東証1部,4779
554,日本コンピュータ・ダイナミクス,情報・通信業,東証スタンダード,4783
555,日本コンピュータグラフィック,情報・通信業,東証マザーズ,4787
556,エス・イー・ラボ,情報・通信業,へ証,4789
557,富士通ビー・エス・シー,情報・通信業,東証JASDAQ（スタンダード）,4793
558,アグレックス,情報・通信業,東証1部,4799
559,オリコン,情報・通信業,東証スタンダード,4800
560,ＩＳＩＤ,情報・通信業,東証プライム,4812
561,ＡＣＣＥＳＳ,情報・通信業,東証プライム,4813
562,ネクストウェア,情報・通信業,東証スタンダード,4814
563,東映アニメーション,情報・通信業,東証スタンダード,4816
564,ジュピターテレコム,情報・通信業,東証JASDAQ（スタンダード）,4817
565,デジタルガレージ,情報・通信業,東証プライム,4819
566,イーエムシステムズ,情報・通信業,東証プライム,4820
567,ハドソン,情報・通信業,ジ証,4822
568,サイバードホールディングス,情報・通信業,ジ証,4823
569,メディアシーク,情報・通信業,東証グロース,4824
570,ウェザーニューズ,情報・通信業,東証プライム,4825
571,ＣＩＪ,情報・通信業,東証プライム,4826
572,ビジネスエンジニアリング,情報・通信業,東証プライム,4828
573,日本エンタープライズ,情報・通信業,東証スタンダード,4829
574,サンライズ・テクノロジー,情報・通信業,へ証,4830
575,ＪＦＥシステムズ,情報・通信業,東証スタンダード,4832
576,インデックス,情報・通信業,東証JASDAQ（スタンダード）,4835
577,スペースシャワーネットワーク,情報・通信業,東証スタンダード,4838
578,ＷＯＷＯＷ,情報・通信業,東証プライム,4839
579,ＵＳＥＮ,情報・通信業,東証JASDAQ（スタンダード）,4842
580,スカラ,情報・通信業,東証プライム,4845
581,インテリジェント　ウェイブ,情報・通信業,東証プライム,4847
582,マーキュリーリアルテックイノベーター,情報・通信業,東証グロース,5025
583,トリプルアイズ,情報・通信業,東証グロース,5026
584,セカンドサイトアナリティカ,情報・通信業,東証グロース,5028
585,サークレイス,情報・通信業,東証グロース,5029
586,モイ,情報・通信業,東証グロース,5031
587,ＡＮＹＣＯＬＯＲ,情報・通信業,東証グロース,5032
588,ヌーラボ,情報・通信業,東証グロース,5033
589,ｕｎｅｒｒｙ,情報・通信業,東証グロース,5034
590,ＨＯＵＳＥＩ,情報・通信業,東証グロース,5035
591,日本ビジネスシステムズ,情報・通信業,東証スタンダード,5036
592,ｅＷｅＬＬ,情報・通信業,東証グロース,5038
593,キットアライブ,情報・通信業,札証アンビシャス,5039
594,ファインズ,情報・通信業,東証グロース,5125
595,ポーターズ,情報・通信業,東証グロース,5126
596,グッピーズ,情報・通信業,東証グロース,5127
597,ＷＯＷ　ＷＯＲＬＤ　ＧＲＯＵＰ,情報・通信業,東証プライム,5128
598,ＦＩＸＥＲ,情報・通信業,東証グロース,5129
599,リンカーズ,情報・通信業,東証グロース,5131
600,ｐｌｕｓｚｅｒｏ,情報・通信業,東証グロース,5132
601,テリロジーホールディングス,情報・通信業,東証スタンダード,5133
602,ＰＯＰＥＲ,情報・通信業,東証グロース,5134
603,ｔｒｉｐｌａ,情報・通信業,東証グロース,5136
604,スマートドライブ,情報・通信業,東証グロース,5137
605,Ｒｅｂａｓｅ,情報・通信業,東証グロース,5138
606,オープンワーク,情報・通信業,東証グロース,5139
607,ｍｏｎｏＡＩ　ｔｅｃｈｎｏｌｏｇｙ,情報・通信業,東証グロース,5240
608,アイズ,情報・通信業,東証グロース,5242
609,ｎｏｔｅ,情報・通信業,東証グロース,5243
610,ｊｉｇ．ｊｐ,情報・通信業,東証グロース,5244
611,ＥＬＥＭＥＮＴＳ,情報・通信業,東証グロース,5246
612,ＢＴＭ,情報・通信業,東証グロース,5247
613,テクノロジーズ,情報・通信業,東証グロース,5248
614,日本コロムビア,情報・通信業,東証1部,6791
615,ＹＯＺＡＮ,情報・通信業,ジ証,6830
616,ＩＭＡＧＩＣＡ　ＧＲＯＵＰ,情報・通信業,東証プライム,6879
617,アクモス,情報・通信業,東証スタンダード,6888
618,ソフィアホールディングス,情報・通信業,東証スタンダード,6942
619,アイレックス,情報・通信業,東証JASDAQ（スタンダード）,6944
620,ネットワンシステムズ,情報・通信業,東証プライム,7518
621,システムソフト,情報・通信業,東証プライム,7527
622,アルゴグラフィックス,情報・通信業,東証プライム,7595
623,幻冬舎,情報・通信業,ジ証,7843
624,マーベラス,情報・通信業,東証プライム,7844
625,スターツ出版,情報・通信業,東証スタンダード,7849
626,エイベックス,情報・通信業,東証プライム,7860
627,大興電子通信,情報・通信業,東証スタンダード,8023
628,ＢＩＰＲＯＧＹ,情報・通信業,東証プライム,8056
629,富士通ビジネスシステム,情報・通信業,東証1部,8092
630,兼松エレクトロニクス,情報・通信業,東証プライム,8096
631,都築電気,情報・通信業,東証プライム,8157
632,鈴与シンワート,情報・通信業,東証スタンダード,9360
633,ビート・ホールディングス・リミテッド,情報・通信業,東証スタンダード,9399
634,ＴＢＳホールディングス,情報・通信業,東証プライム,9401
635,中部日本放送,情報・通信業,名証プレミア,9402
636,日本テレビホールディングス,情報・通信業,東証プライム,9404
637,朝日放送グループホールディングス,情報・通信業,東証プライム,9405
638,ＲＫＢ毎日ホールディングス,情報・通信業,福証普通,9407
639,新潟放送,情報・通信業,東証スタンダード,9408
640,テレビ朝日ホールディングス,情報・通信業,東証プライム,9409
641,テレビ東京,情報・通信業,東証1部,9411
642,スカパーＪＳＡＴホールディングス,情報・通信業,東証プライム,9412
643,テレビ東京ホールディングス,情報・通信業,東証プライム,9413
644,日本ＢＳ放送,情報・通信業,東証スタンダード,9414
645,ビジョン,情報・通信業,東証プライム,9416
646,スマートバリュー,情報・通信業,東証スタンダード,9417
647,ＵＳＥＮ−ＮＥＸＴ　ＨＯＬＤＩＮＧＳ,情報・通信業,東証プライム,9418
648,ワイヤレスゲート,情報・通信業,東証プライム,9419
649,エヌジェイホールディングス,情報・通信業,東証スタンダード,9421
650,コネクシオ,情報・通信業,東証プライム,9422
651,フォーバル・リアルストレート,情報・通信業,東証スタンダード,9423
652,日本通信,情報・通信業,東証プライム,9424
653,日本テレホン,情報・通信業,東証スタンダード,9425
654,イー・アクセス,情報・通信業,東証1部,9427
655,クロップス,情報・通信業,東証スタンダード,9428
656,ＭＸモバイリング,情報・通信業,東証1部,9430
657,日本電信電話,情報・通信業,東証プライム,9432
658,ＫＤＤＩ,情報・通信業,東証プライム,9433
659,ソフトバンク,情報・通信業,東証プライム,9434
660,光通信,情報・通信業,東証プライム,9435
661,沖縄セルラー電話,情報・通信業,東証スタンダード,9436
662,ＮＴＴドコモ,情報・通信業,東証1部,9437
663,エムティーアイ,情報・通信業,東証プライム,9438
664,ベルパーク,情報・通信業,東証スタンダード,9441
665,トーシンホールディングス,情報・通信業,東証スタンダード,9444
666,フォーバルテレコム,情報・通信業,東証スタンダード,9445
667,サカイホールディングス,情報・通信業,東証スタンダード,9446
668,丸紅テレコム,情報・通信業,東証2部,9447
669,インボイス,情報・通信業,東証1部,9448
670,ＧＭＯインターネットグループ,情報・通信業,東証プライム,9449
671,ファイバーゲート,情報・通信業,東証プライム,9450
672,アイドママーケティングコミュニケーション,情報・通信業,東証スタンダード,9466
673,アルファポリス,情報・通信業,東証グロース,9467
674,ＫＡＤＯＫＡＷＡ,情報・通信業,東証プライム,9468
675,学研ホールディングス,情報・通信業,東証プライム,9470
676,文溪堂,情報・通信業,名証メイン,9471
677,ゼンリン,情報・通信業,東証プライム,9474
678,昭文社ホールディングス,情報・通信業,東証スタンダード,9475
679,中央経済社ホールディングス,情報・通信業,東証スタンダード,9476
680,ＫＡＤＯＫＡＷＡ,情報・通信業,東証1部,9477
681,ＳＥホールディングス・アンド・インキュベーションズ,情報・通信業,東証スタンダード,9478
682,インプレスホールディングス,情報・通信業,東証スタンダード,9479
683,テレフォニカ・エセ・アー,情報・通信業,東証1部,9481
684,ドイツテレコム・アーゲー,情報・通信業,東証マザーズ,9496
685,アイネット,情報・通信業,東証プライム,9600
686,松竹,情報・通信業,東証プライム,9601
687,東宝,情報・通信業,東証プライム,9602
688,国際放映,情報・通信業,ジ証,9604
689,東映,情報・通信業,東証プライム,9605
690,ＡＯＩ　Ｐｒｏ．,情報・通信業,東証1部,9607
691,ＮＴＴデータ,情報・通信業,東証プライム,9613
692,キヤノンソフトウェア,情報・通信業,東証2部,9623
693,ピー・シー・エー,情報・通信業,東証プライム,9629
694,情報技術開発,情報・通信業,東証JASDAQ（スタンダード）,9638
695,セゾン情報システムズ,情報・通信業,東証スタンダード,9640
696,テクモ,情報・通信業,東証1部,9650
697,日本プロセス,情報・通信業,東証スタンダード,9651
698,光栄,情報・通信業,東証1部,9654
699,コムテック,情報・通信業,東証JASDAQ（スタンダード）,9657
700,ビジネスブレイン太田昭和,情報・通信業,東証プライム,9658
701,ＤＴＳ,情報・通信業,東証プライム,9682
702,スクウェア・エニックス・ホールディングス,情報・通信業,東証プライム,9684
703,ＫＹＣＯＭホールディングス,情報・通信業,東証スタンダード,9685
704,ＫＳＫ,情報・通信業,東証スタンダード,9687
705,両毛システムズ,情報・通信業,東証スタンダード,9691
706,シーイーシー,情報・通信業,東証プライム,9692
707,日立ソフトウェアエンジニアリング,情報・通信業,東証1部,9694
708,カプコン,情報・通信業,東証プライム,9697
709,クレオ,情報・通信業,東証スタンダード,9698
710,アイ・エス・ビー,情報・通信業,東証プライム,9702
711,ＮＣＳ＆Ａ,情報・通信業,東証スタンダード,9709
712,日本コンピュータシステム,情報・通信業,ジ証,9711
713,トランスデジタル,情報・通信業,ジ証,9712
714,ジャステック,情報・通信業,東証プライム,9717
715,ＳＣＳＫ,情報・通信業,東証プライム,9719
716,ＣＳＫ,情報・通信業,東証1部,9737
717,ＮＳＷ,情報・通信業,東証プライム,9739
718,日立情報システムズ,情報・通信業,東証1部,9741
719,アイネス,情報・通信業,東証プライム,9742
720,ＴＫＣ,情報・通信業,東証プライム,9746
721,エヌジェーケー,情報・通信業,東証2部,9748
722,富士ソフト,情報・通信業,東証プライム,9749
723,ソラン,情報・通信業,東証1部,9750
724,ＴＩＳ,情報・通信業,東証1部,9751
725,アイエックス・ナレッジ,情報・通信業,東証スタンダード,9753
726,ジャパンシステム,情報・通信業,東証JASDAQ（スタンダード）,9758
727,ＮＳＤ,情報・通信業,東証プライム,9759
728,コナミグループ,情報・通信業,東証プライム,9766
729,福井コンピュータホールディングス,情報・通信業,東証プライム,9790
730,旭情報サービス,情報・通信業,東証スタンダード,9799
731,日商エレクトロニクス,情報・通信業,東証1部,9865
732,ＪＢＣＣホールディングス,情報・通信業,東証プライム,9889
733,ミロク情報サービス,情報・通信業,東証プライム,9928
734,ソフトバンクグループ,情報・通信業,東証プライム,9984
0,いよぎんホールディングス,銀行業,東証プライム,5830
1,しずおかフィナンシャルグループ,銀行業,東証プライム,5831
2,ちゅうぎんフィナンシャルグループ,銀行業,東証プライム,5832
3,島根銀行,銀行業,東証スタンダード,7150
4,じもとホールディングス,銀行業,東証スタンダード,7161
5,めぶきフィナンシャルグループ,銀行業,東証プライム,7167
6,東京きらぼしフィナンシャルグループ,銀行業,東証プライム,7173
7,九州フィナンシャルグループ,銀行業,東証プライム,7180
8,ゆうちょ銀行,銀行業,東証プライム,7182
9,富山第一銀行,銀行業,東証プライム,7184
10,コンコルディア・フィナンシャルグループ,銀行業,東証プライム,7186
11,西日本フィナンシャルホールディングス,銀行業,東証プライム,7189
12,関西みらいフィナンシャルグループ,銀行業,東証1部,7321
13,三十三フィナンシャルグループ,銀行業,東証プライム,7322
14,第四北越フィナンシャルグループ,銀行業,東証プライム,7327
15,ひろぎんホールディングス,銀行業,東証プライム,7337
16,おきなわフィナンシャルグループ,銀行業,東証プライム,7350
17,十六フィナンシャルグループ,銀行業,東証プライム,7380
18,北國フィナンシャルホールディングス,銀行業,東証プライム,7381
19,プロクレアホールディングス,銀行業,東証プライム,7384
20,あいちフィナンシャルグループ,銀行業,東証プライム,7389
21,日本銀行,銀行業,東証,8301
22,ＳＢＩ新生銀行,銀行業,東証スタンダード,8303
23,あおぞら銀行,銀行業,東証プライム,8304
24,三菱ＵＦＪフィナンシャル・グループ,銀行業,東証プライム,8306
25,りそなホールディングス,銀行業,東証プライム,8308
26,三井住友トラスト・ホールディングス,銀行業,東証プライム,8309
27,三井住友フィナンシャルグループ,銀行業,東証プライム,8316
28,第四銀行,銀行業,東証1部,8324
29,北越銀行,銀行業,東証1部,8325
30,西日本シティ銀行,銀行業,東証1部,8327
31,札幌北洋ホールディングス,銀行業,東証1部,8328
32,千葉銀行,銀行業,東証プライム,8331
33,横浜銀行,銀行業,東証1部,8332
34,常陽銀行,銀行業,東証1部,8333
35,群馬銀行,銀行業,東証プライム,8334
36,武蔵野銀行,銀行業,東証プライム,8336
37,千葉興業銀行,銀行業,東証プライム,8337
38,筑波銀行,銀行業,東証プライム,8338
39,東京都民銀行,銀行業,東証1部,8339
40,九州親和ホールディングス,銀行業,東証1部,8340
41,七十七銀行,銀行業,東証プライム,8341
42,青森銀行,銀行業,東証1部,8342
43,秋田銀行,銀行業,東証プライム,8343
44,山形銀行,銀行業,東証プライム,8344
45,岩手銀行,銀行業,東証プライム,8345
46,東邦銀行,銀行業,東証プライム,8346
47,荘内銀行,銀行業,東証1部,8347
48,東北銀行,銀行業,東証スタンダード,8349
49,みちのく銀行,銀行業,東証1部,8350
50,ふくおかフィナンシャルグループ,銀行業,東証プライム,8354
51,静岡銀行,銀行業,東証プライム,8355
52,十六銀行,銀行業,東証1部,8356
53,スルガ銀行,銀行業,東証プライム,8358
54,八十二銀行,銀行業,東証プライム,8359
55,山梨中央銀行,銀行業,東証プライム,8360
56,大垣共立銀行,銀行業,東証プライム,8361
57,福井銀行,銀行業,東証プライム,8362
58,北國銀行,銀行業,東証1部,8363
59,清水銀行,銀行業,東証プライム,8364
60,富山銀行,銀行業,東証スタンダード,8365
61,滋賀銀行,銀行業,東証プライム,8366
62,南都銀行,銀行業,東証プライム,8367
63,百五銀行,銀行業,東証プライム,8368
64,京都銀行,銀行業,東証プライム,8369
65,紀陽銀行,銀行業,東証プライム,8370
66,泉州銀行,銀行業,大証,8372
67,三重銀行,銀行業,東証1部,8374
68,池田銀行,銀行業,東証1部,8375
69,ほくほくフィナンシャルグループ,銀行業,東証プライム,8377
70,きらやかホールディングス,銀行業,東証2部,8378
71,広島銀行,銀行業,東証1部,8379
72,山陰合同銀行,銀行業,東証プライム,8381
73,中国銀行,銀行業,東証プライム,8382
74,鳥取銀行,銀行業,東証スタンダード,8383
75,東京スター銀行,銀行業,東証1部,8384
76,伊予銀行,銀行業,東証プライム,8385
77,百十四銀行,銀行業,東証プライム,8386
78,四国銀行,銀行業,東証プライム,8387
79,阿波銀行,銀行業,東証プライム,8388
80,鹿児島銀行,銀行業,東証1部,8390
81,大分銀行,銀行業,東証プライム,8392
82,宮崎銀行,銀行業,東証プライム,8393
83,肥後銀行,銀行業,東証1部,8394
84,佐賀銀行,銀行業,東証プライム,8395
85,十八銀行,銀行業,東証1部,8396
86,沖縄銀行,銀行業,東証1部,8397
87,筑邦銀行,銀行業,福証普通,8398
88,琉球銀行,銀行業,東証プライム,8399
89,住友信託銀行,銀行業,東証1部,8403
90,みずほ信託銀行,銀行業,東証1部,8404
91,八千代銀行,銀行業,東証1部,8409
92,セブン銀行,銀行業,東証プライム,8410
93,みずほフィナンシャルグループ,銀行業,東証プライム,8411
94,紀陽ホールディングス,銀行業,東証1部,8415
95,高知銀行,銀行業,東証スタンダード,8416
96,山口フィナンシャルグループ,銀行業,東証プライム,8418
97,きらやか銀行,銀行業,東証2部,8520
98,長野銀行,銀行業,東証スタンダード,8521
99,名古屋銀行,銀行業,東証プライム,8522
100,北洋銀行,銀行業,東証プライム,8524
101,愛知銀行,銀行業,東証プライム,8527
102,岐阜銀行,銀行業,名証1部,8528
103,第三銀行,銀行業,東証1部,8529
104,中京銀行,銀行業,東証プライム,8530
105,東日本銀行,銀行業,東証1部,8536
106,大光銀行,銀行業,東証スタンダード,8537
107,福岡中央銀行,銀行業,福証普通,8540
108,愛媛銀行,銀行業,東証プライム,8541
109,トマト銀行,銀行業,東証スタンダード,8542
110,みなと銀行,銀行業,東証1部,8543
111,京葉銀行,銀行業,東証プライム,8544
112,関西アーバン銀行,銀行業,東証1部,8545
113,栃木銀行,銀行業,東証プライム,8550
114,北日本銀行,銀行業,東証プライム,8551
115,びわこ銀行,銀行業,大証,8552
116,南日本銀行,銀行業,福証普通,8554
117,香川銀行,銀行業,東証1部,8556
118,東和銀行,銀行業,東証プライム,8558
119,豊和銀行,銀行業,福証普通,8559
120,宮崎太陽銀行,銀行業,福証普通,8560
121,徳島銀行,銀行業,東証1部,8561
122,福島銀行,銀行業,東証スタンダード,8562
123,大東銀行,銀行業,東証スタンダード,8563
124,トモニホールディングス,銀行業,東証プライム,8600
125,ジェー・ピー・モルガン・チェース・アンド・カンパニー,銀行業,東証1部,8634
126,トロント・ドミニオン銀行,銀行業,東証マザーズ,8640
127,ウエストパック・バンキング・コーポレーション,銀行業,東証マザーズ,8641
128,バークレイズ・ピーエルシー,銀行業,東証マザーズ,8642
129,バンク・オブ・アメリカ・コーポレーション,銀行業,東証,8648
130,ユービーエス・エイ・ジー,銀行業,東証マザーズ,8657
131,ビー・エヌ・ピー・パリバ,銀行業,東証マザーズ,8665
132,ソシエテ　ジェネラル,銀行業,東証マザーズ,8666
133,シティグループ・インク,銀行業,東証1部,8710
134,フィデアホールディングス,銀行業,東証プライム,8713
135,池田泉州ホールディングス,銀行業,東証プライム,8714
136,Ｏａｋ　キャピタル,証券、商品先物取引業,東証スタンダード,3113
137,ＳＢＩリーシングサービス,証券、商品先物取引業,東証グロース,5834
138,ＦＰＧ,証券、商品先物取引業,東証プライム,7148
139,アストマックス,証券、商品先物取引業,東証スタンダード,7162
140,ジャパンインベストメントアドバイザー,証券、商品先物取引業,東証プライム,7172
141,今村証券,証券、商品先物取引業,東証スタンダード,7175
142,ＧＭＯフィナンシャルホールディングス,証券、商品先物取引業,東証スタンダード,7177
143,ヒロセ通商,証券、商品先物取引業,東証スタンダード,7185
144,マーキュリアインベストメント,証券、商品先物取引業,東証1部,7190
145,インヴァスト,証券、商品先物取引業,東証スタンダード,7338
146,ウェルスナビ,証券、商品先物取引業,東証グロース,7342
147,マーキュリアホールディングス,証券、商品先物取引業,東証プライム,7347
148,大和ＳＭＢＣキャピタル,証券、商品先物取引業,ジ証,8458
149,フューチャーベンチャーキャピタル,証券、商品先物取引業,東証スタンダード,8462
150,ＳＢＩホールディングス,証券、商品先物取引業,東証プライム,8473
151,日本アジア投資,証券、商品先物取引業,東証スタンダード,8518
152,ジャフコ　グループ,証券、商品先物取引業,東証プライム,8595
153,大和証券グループ本社,証券、商品先物取引業,東証プライム,8601
154,日興コーディアルグループ,証券、商品先物取引業,東証1部,8603
155,野村ホールディングス,証券、商品先物取引業,東証プライム,8604
156,みずほ証券,証券、商品先物取引業,東証1部,8606
157,みずほインベスターズ証券,証券、商品先物取引業,東証1部,8607
158,岡三証券グループ,証券、商品先物取引業,東証プライム,8609
159,コスモ証券,証券、商品先物取引業,東証1部,8611
160,丸三証券,証券、商品先物取引業,東証プライム,8613
161,東洋証券,証券、商品先物取引業,東証プライム,8614
162,三菱ＵＦＪ証券,証券、商品先物取引業,東証1部,8615
163,東海東京フィナンシャル・ホールディングス,証券、商品先物取引業,東証プライム,8616
164,光世証券,証券、商品先物取引業,東証スタンダード,8617
165,水戸証券,証券、商品先物取引業,東証プライム,8622
166,いちよし証券,証券、商品先物取引業,東証プライム,8624
167,高木証券,証券、商品先物取引業,東証2部,8625
168,松井証券,証券、商品先物取引業,東証プライム,8628
169,メリルリンチ・アンド・カンパニー・インク,証券、商品先物取引業,東証マザーズ,8675
170,だいこう証券ビジネス,証券、商品先物取引業,東証1部,8692
171,マネックスグループ,証券、商品先物取引業,東証プライム,8698
172,ＨＳホールディングス,証券、商品先物取引業,東証スタンダード,8699
173,丸八証券,証券、商品先物取引業,東証スタンダード,8700
174,ＳＢＩ証券,証券、商品先物取引業,ジ証,8701
175,スターホールディングス,証券、商品先物取引業,東証JASDAQ（スタンダード）,8702
176,カブドットコム証券,証券、商品先物取引業,東証1部,8703
177,トレイダーズホールディングス,証券、商品先物取引業,東証スタンダード,8704
178,日産証券グループ,証券、商品先物取引業,東証スタンダード,8705
179,極東証券,証券、商品先物取引業,東証プライム,8706
180,岩井コスモホールディングス,証券、商品先物取引業,東証プライム,8707
181,アイザワ証券グループ,証券、商品先物取引業,東証プライム,8708
182,インヴァスト証券,証券、商品先物取引業,東証JASDAQ（スタンダード）,8709
183,ＦＸプライムｂｙＧＭＯ,証券、商品先物取引業,東証JASDAQ（スタンダード）,8711
184,マネースクウェアＨＤ,証券、商品先物取引業,東証1部,8728
185,マネーパートナーズグループ,証券、商品先物取引業,東証プライム,8732
186,アストマックス,証券、商品先物取引業,ジ証,8734
187,ＳＢＩフューチャーズ,証券、商品先物取引業,へ証,8735
188,あかつき本社,証券、商品先物取引業,東証スタンダード,8737
189,ひまわりホールディングス,証券、商品先物取引業,東証JASDAQ（スタンダード）,8738
190,スパークス・グループ,証券、商品先物取引業,東証プライム,8739
191,フジトミ証券,証券、商品先物取引業,東証JASDAQ（スタンダード）,8740
192,小林洋行,証券、商品先物取引業,東証スタンダード,8742
193,ユニコムグループホールディングス,証券、商品先物取引業,ジ証,8744
194,第一商品,証券、商品先物取引業,東証スタンダード,8746
195,豊トラスティ証券,証券、商品先物取引業,東証スタンダード,8747
196,エース交易,証券、商品先物取引業,ジ証,8749
197,アジア開発キャピタル,証券、商品先物取引業,東証スタンダード,9318
198,エージェント・インシュアランス・グループ,保険業,名証メイン,5836
199,ライフネット生命保険,保険業,東証グロース,7157
200,ＮＦＣホールディングス,保険業,東証スタンダード,7169
201,かんぽ生命保険,保険業,東証プライム,7181
202,アイペット損害保険,保険業,東証マザーズ,7323
203,アイリックコーポレーション,保険業,東証グロース,7325
204,ＳＢＩインシュアランスグループ,保険業,東証グロース,7326
205,アイペットホールディングス,保険業,東証グロース,7339
206,ブロードマインド,保険業,東証グロース,7343
207,ＦＰパートナー,保険業,東証グロース,7388
208,ＳＯＭＰＯホールディングス,保険業,東証プライム,8630
209,アメリカン・インターナショナル・グループ・インク,保険業,東証,8685
210,アフラック・インコーポレーテッド,保険業,東証,8686
211,エイゴン・エヌ・ヴイ,保険業,東証マザーズ,8689
212,アニコム　ホールディングス,保険業,東証プライム,8715
213,ＭＳ＆ＡＤインシュアランスグループホールディングス,保険業,東証プライム,8725
214,ソニーフィナンシャルホールディングス,保険業,東証1部,8729
215,第一生命ホールディングス,保険業,東証プライム,8750
216,三井住友海上火災保険,保険業,東証1部,8752
217,日本興亜損害保険,保険業,東証1部,8754
218,損害保険ジャパン,保険業,東証1部,8755
219,ニッセイ同和損害保険,保険業,東証1部,8759
220,あいおい損害保険,保険業,東証1部,8761
221,富士火災海上保険,保険業,東証1部,8763
222,東京海上ホールディングス,保険業,東証プライム,8766
223,ウェブクルー,保険業,東証マザーズ,8767
224,Ｔ＆Ｄホールディングス,保険業,東証プライム,8795
225,アドバンスクリエイト,保険業,東証プライム,8798
226,ウェッジホールディングス,その他金融業,東証グロース,2388
227,オリカキャピタル,その他金融業,大証,3570
228,山田債権回収管理総合事務所,その他金融業,東証スタンダード,4351
229,プリヴェ企業投資ホールディングス,その他金融業,東証2部,6720
230,クオンツ,その他金融業,ジ証,6811
231,全国保証,その他金融業,東証プライム,7164
232,あんしん保証,その他金融業,東証スタンダード,7183
233,ジェイリース,その他金融業,東証プライム,7187
234,イントラスト,その他金融業,東証プライム,7191
235,日本モーゲージサービス,その他金融業,東証スタンダード,7192
236,Ｃａｓａ,その他金融業,東証プライム,7196
237,アルヒ,その他金融業,東証プライム,7198
238,プレミアグループ,その他金融業,東証プライム,7199
239,日本リビング保証,その他金融業,東証グロース,7320
240,アイ・パートナーズフィナンシャル,その他金融業,東証グロース,7345
241,ネットプロテクションズホールディングス,その他金融業,東証プライム,7383
242,ジャパンワランティサポート,その他金融業,東証グロース,7386
243,ＭＡＧねっとホールディングス,その他金融業,東証JASDAQ（スタンダード）,8073
244,クレディセゾン,その他金融業,東証プライム,8253
245,セディナ,その他金融業,東証1部,8258
246,アクリーティブ,その他金融業,東証1部,8423
247,芙蓉総合リース,その他金融業,東証プライム,8424
248,みずほリース,その他金融業,東証プライム,8425
249,ニッシン債権回収,その他金融業,東証マザーズ,8426
250,東京センチュリー,その他金融業,東証プライム,8439
251,中小企業信用機構,その他金融業,ジ証,8489
252,インター,その他金融業,大証,8493
253,Ｊトラスト,その他金融業,東証スタンダード,8508
254,日本証券金融,その他金融業,東証プライム,8511
255,大阪証券金融,その他金融業,東証1部,8512
256,中部証券金融,その他金融業,名証2部,8513
257,ＲＨインシグノ,その他金融業,札証普通,8514
258,アイフル,その他金融業,東証プライム,8515
259,ポケットカード,その他金融業,東証1部,8519
260,武富士,その他金融業,東証1部,8564
261,三洋電機クレジット,その他金融業,東証1部,8565
262,リコーリース,その他金融業,東証プライム,8566
263,クレディア,その他金融業,東証1部,8567
264,シンキ,その他金融業,東証1部,8568
265,イオンフィナンシャルサービス,その他金融業,東証プライム,8570
266,ＮＩＳグループ,その他金融業,東証2部,8571
267,アコム,その他金融業,東証スタンダード,8572
268,三洋信販,その他金融業,東証1部,8573
269,プロミス,その他金融業,東証1部,8574
270,ロプロ,その他金融業,大証,8577
271,東京リース,その他金融業,東証1部,8579
272,三菱ＵＦＪニコス,その他金融業,東証1部,8583
273,ジャックス,その他金融業,東証プライム,8584
274,オリエントコーポレーション,その他金融業,東証プライム,8585
275,日立キャピタル,その他金融業,東証1部,8586
276,セントラルファイナンス,その他金融業,東証1部,8588
277,アプラスフィナンシャル,その他金融業,東証1部,8589
278,オリックス,その他金融業,東証プライム,8591
279,住商リース,その他金融業,東証1部,8592
280,三菱ＨＣキャピタル,その他金融業,東証プライム,8593
281,中道リース,その他金融業,札証普通,8594
282,九州リースサービス,その他金融業,東証スタンダード,8596
283,ＳＦＣＧ,その他金融業,東証1部,8597
284,ザ・イベロ・アメリカ・ファンド・インク,その他金融業,大証,8678
285,コリア・エクイティ・ファンド・インク,その他金融業,大証,8681
286,モルガン・スタンレーＡ―Ｐ・ファンド,その他金融業,東証,8682
287,テンプルトン・ドラゴン・ファンド・インク,その他金融業,大証,8683
288,日本取引所グループ,その他金融業,東証プライム,8697
289,ＪＰＮホールディングス,その他金融業,東証JASDAQ（スタンダード）,8718
290,イー・ギャランティ,その他金融業,東証プライム,8771
291,アサックス,その他金融業,東証スタンダード,8772
292,ジェーピーエヌ債権回収,その他金融業,へ証,8774
293,ＧＦＡ,その他金融業,東証スタンダード,8783
294,ＵＣＳ,その他金融業,東証JASDAQ（スタンダード）,8787
295,フィンテック　グローバル,その他金融業,東証スタンダード,8789
296,ＮＥＣキャピタルソリューション,その他金融業,東証プライム,8793
297,アゼル,不動産業,東証1部,1872
298,大東建託,不動産業,東証プライム,1878
299,いちご,不動産業,東証プライム,2337
300,日本駐車場開発,不動産業,東証プライム,2353
301,グッドライフカンパニー,不動産業,東証スタンダード,2970
302,大英産業,不動産業,福証普通,2974
303,スター・マイカ・ホールディングス,不動産業,東証プライム,2975
304,日本グランデ,不動産業,札証アンビシャス,2976
305,ツクルバ,不動産業,東証グロース,2978
306,ＳＲＥホールディングス,不動産業,東証プライム,2980
307,ランディックス,不動産業,東証グロース,2981
308,ＡＤワークスグループ,不動産業,東証プライム,2982
309,アールプランナー,不動産業,東証グロース,2983
310,ヤマイチ・ユニハイムエステート,不動産業,東証スタンダード,2984
311,ＬＡホールディングス,不動産業,東証グロース,2986
312,タスキ,不動産業,東証グロース,2987
313,ランドネット,不動産業,東証スタンダード,2991
314,長栄,不動産業,東証スタンダード,2993
315,ストレージ王,不動産業,東証グロース,2997
316,クリアル,不動産業,東証グロース,2998
317,ホームポジション,不動産業,東証スタンダード,2999
318,ヒューリック,不動産業,東証プライム,3003
319,中央コーポレーション,不動産業,東証2部,3207
320,東京建物不動産販売,不動産業,東証1部,3225
321,三栄建築設計,不動産業,東証プライム,3228
322,スター・マイカ,不動産業,東証1部,3230
323,野村不動産ホールディングス,不動産業,東証プライム,3231
324,三重交通グループホールディングス,不動産業,東証プライム,3232
325,ファンドクリエーション,不動産業,ジ証,3233
326,トラストパーク,不動産業,東証マザーズ,3235
327,プロパスト,不動産業,東証スタンダード,3236
328,イントランス,不動産業,東証グロース,3237
329,セントラル総合開発,不動産業,東証スタンダード,3238
330,総和地所,不動産業,ジ証,3239
331,ウィル,不動産業,東証スタンダード,3241
332,アーバネットコーポレーション,不動産業,東証スタンダード,3242
333,ダイヨシトラスト,不動産業,福証Q-Board,3243
334,サムティ,不動産業,東証プライム,3244
335,ディア・ライフ,不動産業,東証プライム,3245
336,コーセーアールイー,不動産業,東証スタンダード,3246
337,エルクリエイト,不動産業,ジ証,3247
338,アールエイジ,不動産業,東証スタンダード,3248
339,エー・ディー・ワークス,不動産業,東証1部,3250
340,駐車場綜合研究所,不動産業,東証マザーズ,3251
341,地主,不動産業,東証プライム,3252
342,プレサンスコーポレーション,不動産業,東証スタンダード,3254
343,ユニゾホールディングス,不動産業,東証1部,3258
344,グローバル住販,不動産業,ジ証,3259
345,エスポア,不動産業,名証ネクスト,3260
346,グランディーズ,不動産業,東証グロース,3261
347,アスコット,不動産業,東証スタンダード,3264
348,ヒューリック,不動産業,東証1部,3265
349,ファンドクリエーショングループ,不動産業,東証スタンダード,3266
350,一建設,不動産業,東証JASDAQ（スタンダード）,3268
351,ＴＨＥグローバル社,不動産業,東証スタンダード,3271
352,エイブル＆パートナーズ,不動産業,ジ証,3272
353,アイディホーム,不動産業,東証JASDAQ（スタンダード）,3274
354,ハウスコム,不動産業,東証プライム,3275
355,ＪＰＭＣ,不動産業,東証プライム,3276
356,サンセイランディック,不動産業,東証スタンダード,3277
357,エストラスト,不動産業,東証スタンダード,3280
358,フージャースホールディングス,不動産業,東証プライム,3284
359,トラストホールディングス,不動産業,東証グロース,3286
360,オープンハウスグループ,不動産業,東証プライム,3288
361,東急不動産ホールディングス,不動産業,東証プライム,3289
362,飯田グループホールディングス,不動産業,東証プライム,3291
363,アズマハウス,不動産業,東証スタンダード,3293
364,イーグランド,不動産業,東証スタンダード,3294
365,東武住販,不動産業,東証スタンダード,3297
366,ムゲンエステート,不動産業,東証プライム,3299
367,アンビション　ＤＸ　ホールディングス,不動産業,東証グロース,3300
368,ビーロット,不動産業,東証プライム,3452
369,ファーストブラザーズ,不動産業,東証プライム,3454
370,Ａｎｄ　Ｄｏホールディングス,不動産業,東証プライム,3457
371,シーアールイー,不動産業,東証プライム,3458
372,パルマ,不動産業,東証グロース,3461
373,プロパティエージェント,不動産業,東証プライム,3464
374,ケイアイスター不動産,不動産業,東証プライム,3465
375,アグレ都市デザイン,不動産業,東証プライム,3467
376,デュアルタップ,不動産業,東証スタンダード,3469
377,Ｇ−ＦＡＣＴＯＲＹ,不動産業,東証グロース,3474
378,グッドコムアセット,不動産業,東証プライム,3475
379,フォーライフ,不動産業,東証グロース,3477
380,ティーケーピー,不動産業,東証グロース,3479
381,ジェイ・エス・ビー,不動産業,東証プライム,3480
382,ロードスターキャピタル,不動産業,東証プライム,3482
383,テンポイノベーション,不動産業,東証プライム,3484
384,グローバル・リンク・マネジメント,不動産業,東証プライム,3486
385,フェイスネットワーク,不動産業,東証プライム,3489
386,アズ企画設計,不動産業,東証スタンダード,3490
387,ＧＡ　ｔｅｃｈｎｏｌｏｇｉｅｓ,不動産業,東証グロース,3491
388,マリオン,不動産業,東証スタンダード,3494
389,香陵住販,不動産業,東証スタンダード,3495
390,アズーム,不動産業,東証グロース,3496
391,ＬｅＴｅｃｈ,不動産業,東証グロース,3497
392,霞ヶ関キャピタル,不動産業,東証グロース,3498
393,ミライノベート,不動産業,東証スタンダード,3528
394,ウェルス・マネジメント,不動産業,東証スタンダード,3772
395,パーク２４,不動産業,東証プライム,4666
396,メッツ,不動産業,東証マザーズ,4744
397,パラカ,不動産業,東証プライム,4809
398,ビジネス・ワンホールディングス,不動産業,福証Q-Board,4827
399,ヨシコン,不動産業,東証スタンダード,5280
400,ｐｒｏｐｅｒｔｙ　ｔｅｃｈｎｏｌｏｇｉｅｓ,不動産業,東証グロース,5527
401,新立川航空機,不動産業,東証2部,5996
402,扶桑レクセル,不動産業,東証2部,6386
403,宮越ホールディングス,不動産業,東証プライム,6620
404,ＪＡＬＣＯホールディングス,不動産業,東証スタンダード,6625
405,ツノダ,不動産業,名証2部,7308
406,ＥＭＣＯＭホールディングス,不動産業,ジ証,7954
407,三井不動産,不動産業,東証プライム,8801
408,三菱地所,不動産業,東証プライム,8802
409,平和不動産,不動産業,東証プライム,8803
410,東京建物,不動産業,東証プライム,8804
411,ダイビル,不動産業,東証スタンダード,8806
412,サンケイビル,不動産業,東証1部,8809
413,大阪港振興,不動産業,ジ証,8810
414,東急不動産,不動産業,東証1部,8815
415,京阪神ビルディング,不動産業,東証プライム,8818
416,立飛企業,不動産業,東証2部,8821
417,住友不動産,不動産業,東証プライム,8830
418,小田急不動産,不動産業,東証1部,8832
419,東宝不動産,不動産業,東証1部,8833
420,藤和不動産,不動産業,東証1部,8834
421,ＲＩＳＥ,不動産業,東証スタンダード,8836
422,有楽土地,不動産業,東証1部,8838
423,ニチモ,不動産業,東証2部,8839
424,大京,不動産業,東証1部,8840
425,テーオーシー,不動産業,東証スタンダード,8841
426,東京楽天地,不動産業,東証プライム,8842
427,コスモスイニシア,不動産業,東証スタンダード,8844
428,レオパレス２１,不動産業,東証プライム,8848
429,スターツコーポレーション,不動産業,東証プライム,8850
430,アーバンライフ,不動産業,東証2部,8851
431,ダイヤモンドシティ,不動産業,東証1部,8853
432,日住サービス,不動産業,東証スタンダード,8854
433,ダイア建設,不動産業,東証2部,8858
434,フジ住宅,不動産業,東証プライム,8860
435,空港施設,不動産業,東証プライム,8864
436,コマーシャル・アールイー,不動産業,ジ証,8866
437,アーバンコーポレイション,不動産業,東証1部,8868
438,明和地所,不動産業,東証プライム,8869
439,住友不動産販売,不動産業,東証1部,8870
440,ゴールドクレスト,不動産業,東証プライム,8871
441,エイブル,不動産業,ジ証,8872
442,ジョイント・コーポレーション,不動産業,東証1部,8874
443,東栄住宅,不動産業,東証1部,8875
444,エスリード,不動産業,東証プライム,8877
445,日本綜合地所,不動産業,東証1部,8878
446,東急リバブル,不動産業,東証1部,8879
447,飯田産業,不動産業,東証1部,8880
448,日神グループホールディングス,不動産業,東証プライム,8881
449,ゼファー,不動産業,東証1部,8882
450,ディックスクロキ,不動産業,ジ証,8884
451,ラ・アトレ,不動産業,東証JASDAQ（グロース）,8885
452,ウッドフレンズ,不動産業,東証スタンダード,8886
453,リベレステ,不動産業,東証スタンダード,8887
454,クリード,不動産業,東証1部,8888
455,ＡＰＡＭＡＮ,不動産業,東証スタンダード,8889
456,レーサム,不動産業,東証スタンダード,8890
457,ＡＭＧホールディングス,不動産業,東証スタンダード,8891
458,日本エスコン,不動産業,東証プライム,8892
459,新日本建物,不動産業,東証スタンダード,8893
460,ＲＥＶＯＬＵＴＩＯＮ,不動産業,東証スタンダード,8894
461,アーネストワン,不動産業,東証1部,8895
462,菱和ライフクリエイト,不動産業,東証2部,8896
463,ＭＩＲＡＲＴＨホールディングス,不動産業,東証プライム,8897
464,センチュリー２１・ジャパン,不動産業,東証スタンダード,8898
465,モリモト,不動産業,東証2部,8899
466,セイクレスト,不動産業,ジ証,8900
467,ダイナシティ,不動産業,ジ証,8901
468,パシフィックホールディングス,不動産業,東証2部,8902
469,サンウッド,不動産業,東証スタンダード,8903
470,ＡＶＡＮＴＩＡ,不動産業,東証プライム,8904
471,イオンモール,不動産業,東証プライム,8905
472,フージャースコーポレーション,不動産業,東証1部,8907
473,毎日コムネット,不動産業,東証スタンダード,8908
474,シノケングループ,不動産業,東証スタンダード,8909
475,サンシティ,不動産業,東証1部,8910
476,創建ホームズ,不動産業,東証1部,8911
477,エリアクエスト,不動産業,東証スタンダード,8912
478,ゼクス,不動産業,東証1部,8913
479,エリアリンク,不動産業,東証スタンダード,8914
480,タクトホーム,不動産業,東証1部,8915
481,ファースト住建,不動産業,東証プライム,8917
482,ランド,不動産業,東証スタンダード,8918
483,カチタス,不動産業,東証プライム,8919
484,シーズクリエイト,不動産業,東証1部,8921
485,日本アセットマーケティング,不動産業,東証マザーズ,8922
486,トーセイ,不動産業,東証プライム,8923
487,リサ・パートナーズ,不動産業,東証1部,8924
488,アルデプロ,不動産業,東証スタンダード,8925
489,明豊エンタープライズ,不動産業,東証スタンダード,8927
490,穴吹興産,不動産業,東証スタンダード,8928
491,青山財産ネットワークス,不動産業,東証スタンダード,8929
492,和田興産,不動産業,東証スタンダード,8931
493,エヌ・ティ・ティ都市開発,不動産業,東証1部,8933
494,サンフロンティア不動産,不動産業,東証プライム,8934
495,ＦＪネクストホールディングス,不動産業,東証プライム,8935
496,リプラス,不動産業,東証マザーズ,8936
497,Ｈｕｍａｎ２１,不動産業,ジ証,8937
498,グローム・ホールディングス,不動産業,東証グロース,8938
499,大和システム,不動産業,東証2部,8939
500,インテリックス,不動産業,東証プライム,8940
501,レイコフ,不動産業,へ証,8941
502,シンプレクス・インベストメント・アドバイザーズ,不動産業,東証マザーズ,8942
503,エスグラントコーポレーション,不動産業,名証セントレックス,8943
504,ランドビジネス,不動産業,東証スタンダード,8944
505,サンネクスタグループ,不動産業,東証プライム,8945
506,ＡＳＩＡＮ　ＳＴＡＲ,不動産業,東証スタンダード,8946
507,ノエル,不動産業,東証2部,8947
508,ランドコム,不動産業,東証2部,8948
509,ヘンダーソン・ランド・ディベロプメント・カンパニー・リミテッド,不動産業,東証マザーズ,8990
510,ライフステージ,不動産業,へ証,8991
511,グッドマンジャパン,不動産業,東証マザーズ,8992
512,アトリウム,不動産業,東証2部,8993
513,誠建設工業,不動産業,東証スタンダード,8995
514,ハウスフリーダム,不動産業,東証スタンダード,8996
515,日本パーキング,不動産業,ジ証,8997
516,ＳＢＩライフリビング,不動産業,東証マザーズ,8998
517,グランディハウス,不動産業,東証プライム,8999
518,品川倉庫建物,不動産業,ジ証,9314
519,日本空港ビルデング,不動産業,東証プライム,9706
520,ストライダーズ,不動産業,東証スタンダード,9816
521,エムティジェネックス,不動産業,東証スタンダード,9820
